id,name_en,name_kr,trigger,category,param_1,param_2,target,description_en,description_kr,
1,Stench,악취,PASSIVE,EFFECT_CHANCE_MOD,FLINCH,0.1,SELF,"By releasing a stench when attacking, the Pokemon may cause the target to flinch.","공격 시 악취를 풍겨 상대를 풀죽게 할 때가 있으며, 필드에서 야생 포켓몬 조우율을 낮춘다.",
2,Drizzle,잔비,ON_SWITCH_IN,WEATHER_CHANGE,RAIN,5,FIELD,The Pokemon makes it rain when it enters a battle.,배틀에 나가면 날씨를 비로 바꾼다.,
3,Speed Boost,가속,ON_END_TURN,STAT_CHANGE,SPEED,1,SELF,The Pokemon's Speed stat is boosted every turn.,매 턴 스피드가 1랭크씩 올라간다.,
4,Battle Armor,전투무장,PASSIVE,EFFECT_IMMUNITY,CRITICAL_HIT,0,SELF,Hard armor protects the Pokemon from critical hits.,단단한 갑옷에 싸여 상대의 공격이 급소에 맞지 않는다.,
5,Sturdy,옹골참,PASSIVE,SURVIVE_LETHAL,1,0,SELF,The Pokemon cannot be knocked out by a single hit as long as its HP is full. One-hit KO moves will also fail to knock it out.,HP가 꽉 찼을 때 기술을 받아도 일격에 쓰러지지 않는다. 일격필살 기술의 효과도 받지 않는다.,
6,Damp,습기,PASSIVE,MOVE_IMMUNITY,EXPLOSION,0,FIELD,"The Pokemon dampens its surroundings, preventing all Pokemon from using explosive moves such as Self-Destruct.",주변을 습하게 함으로써 자폭 등 폭발하는 기술을 아무도 못 쓰게 한다.,
7,Limber,유연,PASSIVE,STATUS_IMMUNITY,PARALYSIS,0,SELF,The Pokemon's limber body prevents it from being paralyzed.,유연한 몸으로 인해 마비 상태가 되지 않는다.,
8,Sand Veil,모래숨기,ON_WEATHER,STAT_MODIFIER,EVASION,1.25,SELF,Boosts the Pokemon's evasiveness in a sandstorm.,모래바람일 때 회피율이 올라간다.,
9,Static,정전기,ON_CONTACT,PRIMARY_STATUS,PARALYSIS,0.3,ATTACKER,The Pokemon is charged with static electricity and may paralyze attackers that make direct contact with it.,정전기를 몸에 둘러 자신에게 접촉한 상대를 마비시킬 때가 있다.,
10,Volt Absorb,축전,ON_HIT_BY_TYPE,HEAL,ELECTRIC,0.25,SELF,"If hit by an Electric-type move, the Pokemon has its HP restored instead of taking damage.",전기타입의 기술로 공격받으면 데미지를 받지 않고 회복한다.,
11,Water Absorb,저수,ON_HIT_BY_TYPE,HEAL,WATER,0.25,SELF,"If hit by a Water-type move, the Pokemon has its HP restored instead of taking damage.",물타입의 기술로 공격받으면 데미지를 받지 않고 회복한다.,
12,Oblivious,둔감,PASSIVE,STATUS_IMMUNITY,"ATTRACT,TAUNT,INTIMIDATE",0,SELF,"The Pokemon is oblivious, keeping it from being infatuated, falling for taunts, or being affected by Intimidate.",둔감해서 헤롱헤롱이나 도발 상태가 되지 않는다. 위협을 당해도 동요하지 않는다.,
13,Cloud Nine,날씨부정,ON_SWITCH_IN,FIELD_EFFECT_NEGATE,WEATHER,0,FIELD,Eliminates the effects of weather.,모든 날씨의 영향이 없어진다.,
14,Compound Eyes,복안,PASSIVE,STAT_MODIFIER,ACCURACY,1.3,SELF,The Pokemon's compound eyes boost its accuracy.,복안을 가지고 있어 기술의 명중률이 올라간다.,
15,Insomnia,불면,PASSIVE,STATUS_IMMUNITY,SLEEP,0,SELF,The Pokemon's insomnia prevents it from falling asleep.,잠들지 못하는 체질이라 잠듦 상태가 되지 않는다.,
16,Color Change,변색,ON_HIT_BY_MOVE,TYPE_CHANGE,MOVE_TYPE,0,SELF,The Pokemon's type becomes the type of the move used on it.,상대에게 받은 기술의 타입으로 자신의 타입이 변화한다.,
17,Immunity,면역,PASSIVE,STATUS_IMMUNITY,POISON,0,SELF,The Pokemon's immune system prevents it from being poisoned.,체내에 면역을 가지고 있어 독 상태가 되지 않는다.,
18,Flash Fire,타오르는불꽃,SPECIAL_LOGIC,SPECIAL_LOGIC,FIRE,1.5,SELF,"If hit by a Fire-type move, the Pokemon absorbs the flames and uses them to power up its own Fire-type moves.",불꽃타입의 기술로 공격받으면 불꽃을 받아서 자신이 사용하는 불꽃타입의 기술이 강해진다.,
19,Shield Dust,인분,PASSIVE,EFFECT_IMMUNITY,SECONDARY,0,SELF,Protective dust shields the Pokemon from the additional effects of moves.,인분에 보호받아 기술의 추가 효과를 받지 않게 된다.,
20,Own Tempo,마이페이스,PASSIVE,STATUS_IMMUNITY,"CONFUSION,INTIMIDATE",0,SELF,"The Pokemon sticks to its own tempo, preventing it from becoming confused or being affected by Intimidate.",마이페이스라서 혼란 상태가 되지 않는다. 위협을 당해도 동요하지 않는다.,
21,Suction Cups,흡반,PASSIVE,MOVE_IMMUNITY,FORCED_SWITCH,0,SELF,The Pokemon uses suction cups to stay in one spot. This protects it from moves and items that would force it to switch out.,흡반으로 지면에 달라붙어 포켓몬을 교체시키는 기술이나 도구의 효과를 발휘하지 못하게 한다.,
22,Intimidate,위협,ON_SWITCH_IN,STAT_CHANGE,ATTACK,-1,ALL_FOES,"When the Pokemon enters a battle, it intimidates opposing Pokemon and makes them cower, lowering their Attack stats.",등장했을 때 위협해서 상대를 위축시켜 상대의 공격을 떨어뜨린다.,
23,Shadow Tag,그림자밟기,ON_SWITCH_IN,TRAP,ALL,0,FOE,The Pokemon steps on the opposing Pokemon's shadows to prevent them from fleeing or switching out.,상대의 그림자를 밟아 도망치거나 교체할 수 없게 한다.,
24,Rough Skin,까칠한피부,ON_CONTACT,DAMAGE,MAX_HP,0.125,ATTACKER,The Pokemon's rough skin damages attackers that make direct contact with it.,접촉한 상대에게 최대 HP의 1/8 데미지를 준다.,
25,Wonder Guard,불가사의부적,PASSIVE,DAMAGE_IMMUNITY,NOT_SUPER_EFFECTIVE,0,SELF,Its mysterious power only lets supereffective moves hit the Pokemon.,효과가 굉장한 기술만 맞는 불가사의한 힘.,
26,Levitate,부유,PASSIVE,TYPE_IMMUNITY,GROUND,0,SELF,"By floating in the air, the Pokemon receives full immunity to all Ground-type moves.",땅에서 뜨는 성질 때문에 땅타입의 기술로 공격받지 않는다.,
27,Effect Spore,포자,ON_CONTACT,MULTI_STATUS,"POISON,PARALYSIS,SLEEP",0.1,ATTACKER,"Contact with the Pokemon may inflict poison, sleep, or paralysis on the attacker.","공격으로 자신에게 접촉한 상대를 독이나 마비, 잠듦 상태로 만들 때가 있다.",
28,Synchronize,싱크로,ON_STATUS,STATUS_TRANSFER,PRIMARY,1,ATTACKER,"If the Pokemon is burned, paralyzed, or poisoned by another Pokemon, that Pokemon will be inflicted with the same status condition.","자신이 걸린 독이나 마비, 화상을 상대에게 옮긴다.",
29,Clear Body,클리어바디,PASSIVE,STAT_MODIFIER_IMMUNITY,ANY_LOWER,0,SELF,Prevents other Pokemon's moves or Abilities from lowering the Pokemon's stats.,상대 기술이나 특성으로 능력이 떨어지지 않는다.,
30,Natural Cure,자연회복,ON_SWITCH_OUT,STATUS_HEAL,PRIMARY,0,SELF,The Pokemon's status conditions are cured when it switches out.,지닌 포켓몬으로 돌아오면 상태 이상이 회복된다.,
31,Lightning Rod,피뢰침,SPECIAL_LOGIC,SPECIAL_LOGIC,ELECTRIC,1,SELF,"The Pokemon draws in all Electric-type moves. Instead of taking damage from them, its Sp. Atk stat is boosted.",전기타입의 기술을 자신에게 끌어모아 데미지를 받지 않고 특수공격을 올린다.,
32,Serene Grace,하늘의은총,PASSIVE,EFFECT_CHANCE_MOD,SECONDARY,2,SELF,Raises the likelihood of additional effects occurring when the Pokemon uses its moves.,하늘의 은총 덕분에 기술의 추가 효과가 나오기 쉽다.,
33,Swift Swim,쓱쓱,ON_WEATHER,STAT_MODIFIER,SPEED,2,SELF,Boosts the Pokemon's Speed stat in rain.,비가 오는 날씨일 때 스피드가 올라간다.,
34,Chlorophyll,엽록소,ON_WEATHER,STAT_MODIFIER,SPEED,2,SELF,Boosts the Pokemon's Speed stat in harsh sunlight.,날씨가 맑을 때 스피드가 올라간다.,
35,Illuminate,발광,PASSIVE,STAT_MODIFIER_IMMUNITY,ACCURACY_LOWER,0,SELF,"By illuminating its surroundings, the Pokemon prevents its accuracy from being lowered.",주변을 밝게 하여 명중률이 떨어지지 않는다.,
36,Trace,트레이스,ON_SWITCH_IN,SPECIAL_LOGIC,NONE,0,SELF,"When it enters a battle, the Pokemon copies an opposing Pokemon's Ability.",등장했을 때 상대의 특성을 트레이스해서 같은 특성이 된다.,
37,Huge Power,천하장사,PASSIVE,STAT_MODIFIER,ATTACK,2,SELF,Doubles the Pokemon's Attack stat.,물리공격의 위력이 2배가 된다.,
38,Poison Point,독가시,ON_CONTACT,PRIMARY_STATUS,POISON,0.3,ATTACKER,Contact with the Pokemon may poison the attacker.,자신에게 접촉한 상대를 독 상태로 만들 때가 있다.,
39,Inner Focus,정신력,PASSIVE,EFFECT_IMMUNITY,"FLINCH,INTIMIDATE",0,SELF,The Pokemon's intense focus prevents it from flinching or being affected by Intimidate.,단련한 정신 덕분에 상대의 공격에 풀죽지 않는다. 위협을 당해도 동요하지 않는다.,
40,Magma Armor,마그마의무장,PASSIVE,STATUS_IMMUNITY,FREEZE,0,SELF,The Pokemon's hot magma coating prevents it from being frozen.,뜨거운 마그마를 몸에 둘러서 얼음 상태가 되지 않는다.,
41,Water Veil,수의베일,PASSIVE,STATUS_IMMUNITY,BURN,0,SELF,The Pokemon's water veil prevents it from being burned.,물의 베일을 몸에 둘러서 화상 상태가 되지 않는다.,
42,Magnet Pull,자력,ON_SWITCH_IN,TRAP,STEEL,0,FOE,Prevents Steel-type Pokemon from fleeing by pulling them in with magnetism.,강철타입의 포켓몬을 자력으로 끌어모아 도망칠 수 없게 한다.,
43,Soundproof,방음,PASSIVE,MOVE_IMMUNITY,SOUND,0,SELF,Soundproofing gives the Pokemon full immunity to all sound-based moves.,소리를 차단하여 소리 기술의 영향을 받지 않는다.,
44,Rain Dish,젖은접시,ON_WEATHER,HEAL,RAIN,0.0625,SELF,The Pokemon gradually regains HP in rain.,비가 오는 날씨일 때 조금씩 HP를 회복한다.,
45,Sand Stream,모래날림,ON_SWITCH_IN,WEATHER_CHANGE,SANDSTORM,5,FIELD,The Pokemon summons a sandstorm when it enters a battle.,등장했을 때 날씨를 모래바람으로 만든다.,
46,Pressure,프레셔,ON_MOVE_TARGET,PP_USAGE_MODIFIER,ANY,2,ATTACKER,"Puts other Pokemon under pressure, causing them to expend more PP to use their moves.",프레셔를 줘서 상대가 쓰는 기술의 PP를 많이 줄인다.,
47,Thick Fat,두꺼운지방,PASSIVE,DAMAGE_MODIFIER_TYPE,"FIRE,ICE",0.5,SELF,"The Pokemon is protected by a layer of thick fat, which halves the damage taken from Fire- and Ice-type moves.",두꺼운 지방으로 보호되고 있어 불꽃타입과 얼음타입의 기술의 데미지를 반감시킨다.,
48,Early Bird,일찍 기상,PASSIVE,STATUS_DURATION_MOD,SLEEP,0.5,SELF,The Pokemon awakens from sleep twice as fast as other Pokeon.,잠듦 상태가 되어도 2배 빠르게 깨어날 수 있다.,
49,Flame Body,불꽃몸,ON_CONTACT,PRIMARY_STATUS,BURN,0.3,ATTACKER,Contact with the Pokemon may burn the attacker.,자신에게 접촉한 상대를 화상 상태로 만들 때가 있다.,
50,Run Away,도주,PASSIVE,BATTLE_ACTION,ESCAPE,0,SELF,Enables a sure getaway from wild Pokemon.,야생 포켓몬으로부터 반드시 도망칠 수 있다.,
51,Keen Eye,날카로운눈,PASSIVE,STAT_MODIFIER_IMMUNITY,ACCURACY_LOWER,0,SELF,The Pokemon's keen eyes prevent its accuracy from being lowered. It also ignores the target's stages in evasion.,날카로운 눈 덕분에 명중률이 떨어지지 않는다.,
52,Hyper Cutter,괴력집게,PASSIVE,STAT_MODIFIER_IMMUNITY,ATTACK_LOWER,0,SELF,"The Pokemon's prized, mighty pincers prevent other Pokemon from lowering its Attack stat.",힘이 자랑인 집게를 가지고 있어 상대가 공격을 떨어뜨리지 못하게 한다.,
53,Pickup,픽업,SPECIAL_LOGIC,SPECIAL_LOGIC,NONE,0,NONE,"The Pokemon may pick up an item another Pokemon used during a battle. It may pick up items outside of battle, too.",상대가 사용한 도구를 주워 올 때가 있다. 모험 중에도 주워 온다.,
54,Truant,게으름,ON_END_TURN,SPECIAL_LOGIC,NONE,0,SELF,"Each time the Pokemon uses a move, it spends the next turn loafing around.",기술을 사용하면 다음 턴은 쉰다.,
55,Hustle,의욕,PASSIVE,SPECIAL_LOGIC,NONE,0,SELF,Boosts the Pokemon's Attack stat but lowers its accuracy.,자신의 공격이 높아지지만 명중률이 떨어진다.,
56,Cute Charm,헤롱헤롱바디,ON_CONTACT,PRIMARY_STATUS,ATTRACT,0.3,ATTACKER,The Pokemon may infatuate attackers that make direct contact with it.,자신에게 접촉한 상대를 헤롱헤롱하게 만들 때가 있다.,
57,Plus,플러스,PASSIVE,SPECIAL_LOGIC,NONE,0,SELF,Boosts the Sp. Atk stat of the Pokemon if an ally with the Plus or Minus Ability is also in battle.,플러스나 마이너스의 특성을 가진 포켓몬이 동료에 있으면 자신의 특수공격이 올라간다.,
58,Minus,마이너스,PASSIVE,SPECIAL_LOGIC,NONE,0,SELF,Boosts the Sp. Atk stat of the Pokemon if an ally with the Plus or Minus Ability is also in battle.,플러스나 마이너스의 특성을 가진 포켓몬이 동료에 있으면 자신의 특수공격이 올라간다.,
59,Forecast,기분파,ON_WEATHER,SPECIAL_LOGIC,NONE,0,SELF,"The Pokemon transforms with the weather to change its type to Water, Fire, or Ice.","날씨의 영향을 받아 물타입, 불꽃타입, 얼음타입 중 하나로 변화한다.",
60,Sticky Hold,점착,PASSIVE,ITEM_ACTION,ITEM_LOCK_STEAL,0,SELF,The Pokemon's held items cling to its sticky body and cannot be removed by other Pokemon.,점성이 높은 몸에 도구가 달라붙어 있어 상대에게 도구를 뺏기지 않는다.,
61,Shed Skin,탈피,ON_END_TURN,STATUS_HEAL,PRIMARY,0.33,SELF,The Pokemon may cure its own status conditions by shedding its skin.,몸의 껍질을 벗어 던져 상태 이상을 회복할 때가 있다.,
62,Guts,근성,PASSIVE,STAT_MODIFIER_STATUS,ATTACK,1.5,SELF,It's so gutsy that having a status condition boosts the Pokemon's Attack stat.,상태 이상이 되면 근성을 보여서 공격이 올라간다.,
63,Marvel Scale,이상한비늘,PASSIVE,STAT_MODIFIER_STATUS,DEFENSE,1.5,SELF,The Pokemon's marvelous scales boost its Defense stat if it has a status condition.,상태 이상이 되면 이상한 비늘이 반응해서 방어가 올라간다.,
64,Liquid Ooze,해감액,ON_DRAIN,DAMAGE,DRAIN_AMOUNT,0,ATTACKER,The strong stench of the Pokemon's oozed liquid damages attackers that use HP-draining moves.,해감액을 흡수한 상대는 강렬한 악취로 데미지를 받아 HP가 줄어든다.,
65,Overgrow,심록,ON_LOW_HP,DAMAGE_MODIFIER,GRASS,1.5,SELF,Powers up Grass-type moves when the Pokemon's HP is low.,HP가 줄었을 때 풀타입 기술의 위력이 올라간다.,
66,Blaze,맹화,ON_LOW_HP,DAMAGE_MODIFIER,FIRE,1.5,SELF,Powers up Fire-type moves when the Pokemon's HP is low.,HP가 줄었을 때 불꽃타입 기술의 위력이 올라간다.,
67,Torrent,급류,ON_LOW_HP,DAMAGE_MODIFIER,WATER,1.5,SELF,Powers up Water-type moves when the Pokemon's HP is low.,HP가 줄었을 때 물타입 기술의 위력이 올라간다.,
68,Swarm,벌레의알림,ON_LOW_HP,DAMAGE_MODIFIER,BUG,1.5,SELF,Powers up Bug-type moves when the Pokemon's HP is low.,HP가 줄었을 때 벌레타입 기술의 위력이 올라간다.,
69,Rock Head,돌머리,PASSIVE,EFFECT_IMMUNITY,RECOIL,0,SELF,Protects the Pokemon from recoil damage.,반동을 받는 기술을 사용해도 HP가 줄지 않는다.,
70,Drought,가뭄,ON_SWITCH_IN,WEATHER_CHANGE,HARSH_SUNLIGHT,5,FIELD,Turns the sunlight harsh when the Pokemon enters a battle.,등장했을 때 날씨를 맑음으로 만든다.,
71,Arena Trap,개미지옥,ON_SWITCH_IN,TRAP,GROUNDED,0,FOE,Prevents opposing Pokemon from fleeing from battle.,배틀에서 상대를 도망칠 수 없게 한다.,
72,Vital Spirit,의기양양,PASSIVE,STATUS_IMMUNITY,SLEEP,0,SELF,"The Pokemon is full of vitality, and that prevents it from falling asleep.",의기양양해져서 잠듦 상태가 되지 않는다.,
73,White Smoke,하얀연기,PASSIVE,STAT_MODIFIER_IMMUNITY,ANY_LOWER,0,SELF,"The Pokemon is protected by its white smoke, which prevents other Pokemon from lowering its stats.",하얀 연기의 보호를 받아 상대가 능력을 떨어뜨리지 못하게 한다.,
74,Pure Power,순수한힘,PASSIVE,STAT_MODIFIER,ATTACK,2,SELF,"Using its pure power, the Pokemon doubles its Attack stat.",요가의 힘으로 물리공격의 위력이 2배가 된다.,
75,Shell Armor,조가비갑옷,PASSIVE,EFFECT_IMMUNITY,CRITICAL_HIT,0,SELF,A hard shell protects the Pokemon from critical hits.,단단한 껍질의 보호를 받아 상대의 공격이 급소에 맞지 않는다.,
76,Air Lock,에어록,ON_SWITCH_IN,FIELD_EFFECT_NEGATE,WEATHER,0,FIELD,Eliminates the effects of weather.,모든 날씨의 영향이 없어진다.,
77,Tangled Feet,갈지자걸음,ON_STATUS,STAT_MODIFIER,EVASION,1.5,SELF,Boosts the Pokemon's evasiveness if it is confused.,혼란 상태일 때는 회피율이 올라간다.,
78,Motor Drive,전기엔진,ON_HIT_BY_TYPE,SPECIAL_LOGIC,ELECTRIC,1,SELF,"The Pokemon takes no damage when hit by Electric-type moves. Instead, its Speed stat is boosted.",전기타입의 기술로 공격받으면 데미지를 받지 않고 스피드가 올라간다.,
79,Rivalry,투쟁심,PASSIVE,SPECIAL_LOGIC,NONE,0,SELF,"The Pokemon's competitive spirit makes it deal more damage to Pokemon of the same gender, but less damage to Pokemon of the opposite gender.",성별이 같으면 투쟁심을 불태워 강해진다. 성별이 다르면 약해진다.,
80,Steadfast,불굴의마음,ON_FLINCH,STAT_CHANGE,SPEED,1,SELF,The Pokemon's determination boosts its Speed stat every time it flinches.,풀죽을 때마다 불굴의 마음을 불태워 스피드가 올라간다.,
81,Snow Cloak,눈숨기,ON_WEATHER,STAT_MODIFIER,EVASION,1.25,SELF,Boosts the Pokemon's evasiveness in snow.,날씨가 눈일 때 회피율이 올라간다.,
82,Gluttony,먹보,PASSIVE,ITEM_ACTION,EARLY_BERRY_EAT,0,SELF,"If the Pokemon is holding a Berry to be eaten when its HP is low, it will instead eat the Berry when its HP drops to half or less.",HP가 줄어들면 먹을 나무열매를 HP가 절반일 때 먹어 버린다.,
83,Anger Point,분노의경혈,ON_CRITICAL_HIT,STAT_CHANGE,ATTACK,12,SELF,"The Pokemon is angered when it takes a critical hit, and that maxes its Attack stat.",급소에 공격이 맞으면 크게 분노해 공격력이 최대가 된다.,
84,Unburden,곡예,PASSIVE,SPECIAL_LOGIC,NONE,0,SELF,Boosts the Speed stat if the Pokemon's held item is used or lost.,지니던 도구가 없어지면 스피드가 올라간다.,
85,Heatproof,내열,PASSIVE,DAMAGE_MODIFIER_TYPE,FIRE,0.5,SELF,The Pokemon's heatproof body halves the damage taken from Fire-type moves.,내열인 몸으로 인해 불꽃타입 공격의 데미지를 반감한다.,
86,Simple,단순,PASSIVE,STAT_MODIFIER,STAT_CHANGE_MULTIPLIER,2,SELF,Doubles the effects of the Pokemon's stat changes.,능력 변화가 평소의 2배가 된다.,
87,Dry Skin,건조피부,SPECIAL_LOGIC,SPECIAL_LOGIC,NONE,0,SELF,"Restores the Pokemon's HP in rain or when it is hit by Water-type moves. Reduces HP in harsh sunlight, and increases the damage received from Fire-type moves.",비가 오는 날씨나 물타입의 기술로 공격받으면 HP가 회복되고 맑을 때나 불꽃타입의 기술로 공격받으면 줄어든다.,
88,Download,다운로드,ON_SWITCH_IN,SPECIAL_LOGIC,NONE,0,SELF,The Pokemon compares an opposing Pokemon's Defense and Sp. Def stats before raising its own Attack or Sp. Atk stat ? whichever will be more effective.,상대의 방어와 특수방어를 비교해서 낮은 쪽 능력에 맞춰서 자신의 공격이나 특수공격을 올린다.,
89,Iron Fist,철주먹,PASSIVE,DAMAGE_MODIFIER,PUNCH_MOVES,1.2,SELF,Powers up punching moves.,펀치를 사용하는 기술의 위력이 올라간다.,
90,Poison Heal,포이즌힐,ON_END_TURN,SPECIAL_LOGIC,NONE,0,SELF,"If poisoned, the Pokemon has its HP restored instead of taking damage.",독 상태가 되면 HP가 줄지 않고 증가한다.,
91,Adaptability,적응력,PASSIVE,DAMAGE_MODIFIER,STAB,2,SELF,Powers up moves of the same type as the Pokemon.,자신과 같은 타입인 기술의 위력이 올라간다.,
92,Skill Link,스킬링크,PASSIVE,MOVE_MODIFIER,MULTI_HIT_MAX,0,SELF,Maximizes the number of times multistrike moves hit.,연속 기술을 사용하면 항상 최고 횟수로 사용할 수 있다.,
93,Hydration,촉촉바디,ON_WEATHER,STATUS_HEAL,PRIMARY,1,SELF,Cures the Pokemon's status conditions in rain.,비가 오는 날씨일 때 상태 이상이 회복된다.,
94,Solar Power,선파워,ON_WEATHER,SPECIAL_LOGIC,NONE,0,SELF,"In harsh sunlight, the Pokemon's Sp. Atk stat is boosted, but its HP decreases every turn.",날씨가 맑으면 특수공격이 올라가지만 매 턴 HP가 줄어든다.,
95,Quick Feet,속보,PASSIVE,STAT_MODIFIER_STATUS,SPEED,1.5,SELF,Boosts the Speed stat if the Pokemon has a status condition.,상태 이상이 되면 스피드가 올라간다.,
96,Normalize,노말스킨,PASSIVE,SPECIAL_LOGIC,NONE,0,SELF,All the Pokemon's moves become Normal type. The power of those moves is boosted a little.,사용하는 기술의 타입이 모두 노말타입이 된다. 위력이 조금 올라간다.,
97,Sniper,스나이퍼,PASSIVE,DAMAGE_MODIFIER,CRITICAL_HIT_DAMAGE,1.5,SELF,"If the Pokemon's attack lands a critical hit, the attack is powered up even further.",공격을 급소에 맞혔을 때 위력이 더욱 올라간다.,
98,Magic Guard,매직가드,PASSIVE,DAMAGE_IMMUNITY,INDIRECT,0,SELF,The Pokemon only takes damage from attacks.,공격 이외에는 데미지를 받지 않는다.,
99,No Guard,노가드,PASSIVE,ACCURACY_MODIFIER,ALL_MOVES,100,FIELD,The Pokemon employs no-guard tactics to ensure incoming and outgoing attacks always land.,노가드전법에 따라 서로가 사용하는 기술이 반드시 맞게 된다.,
100,Stall,시간벌기,PASSIVE,PRIORITY_MODIFIER,ALWAYS_LAST,0,SELF,The Pokemon is always the last to use its moves.,기술을 사용하는 순서가 반드시 마지막이 된다.,
101,Technician,테크니션,PASSIVE,DAMAGE_MODIFIER,LOW_POWER_MOVES,1.5,SELF,Powers up weak moves so the Pokemon can deal more damage with them.,위력 60 이하의 기술 위력이 1.5배가 된다.,
102,Leaf Guard,리프가드,ON_WEATHER,STATUS_IMMUNITY,PRIMARY,0,SELF,Prevents status conditions in harsh sunlight.,날씨가 쾌청일 때 상태 이상이 되지 않는다.,
103,Klutz,서투름,PASSIVE,ITEM_ACTION,ITEM_LOCK,0,SELF,The Pokemon can't use any held items.,지니고 있는 도구의 효과가 나타나지 않는다.,
104,Mold Breaker,틀깨기,PASSIVE,MOVE_MODIFIER,IGNORE_ABILITY,0,SELF,The Pokemon's moves are unimpeded by the Ability of the target.,공격 시 상대의 방어적인 특성을 무시한다.,
105,Super Luck,대운,PASSIVE,CRITICAL_HIT_MODIFIER,STAGE,1,SELF,The Pokemon is so lucky that the critical-hit ratios of its moves are boosted.,급소율이 1랭크 올라간다.,
106,Aftermath,유폭,ON_FAINT_CONTACT,DAMAGE,MAX_HP,0.25,ATTACKER,Damages the attacker if it knocks out the Pokemon with a move that makes direct contact.,"접촉 공격으로 기절했을 때, 상대에게 최대 HP의 1/4 데미지를 준다.",
107,Anticipation,위험예지,ON_SWITCH_IN,SPECIAL_LOGIC,NONE,0,SELF,The Pokemon can sense an opposing Pokemon's dangerous moves.,상대가 효과가 굉장한 기술이나 일격필살기를 가졌는지 알 수 있다.,
108,Forewarn,예지몽,ON_SWITCH_IN,SPECIAL_LOGIC,NONE,0,SELF,"When it enters a battle, the Pokemon can tell one of the moves an opposing Pokemon has.",상대가 가진 가장 위력이 높은 기술 하나를 알 수 있다.,
109,Unaware,천진,PASSIVE,MOVE_MODIFIER,IGNORE_TARGET_STAT_MODS,0,SELF,"When attacking, the Pokemon ignores the target's stat changes.",공격 시 상대의 방어/특방 랭크 변화를 무시한다.,
110,Tinted Lens,색안경,PASSIVE,DAMAGE_MODIFIER,NOT_VERY_EFFECTIVE,2,SELF,"The Pokemon can use ""not very effective"" moves to deal regular damage.",효과가 별로인 기술의 위력이 2배가 된다.,
111,Filter,필터,PASSIVE,DAMAGE_MODIFIER,SUPER_EFFECTIVE_TAKEN,0.75,SELF,Reduces the power of supereffective attacks that hit the Pokemon.,효과가 굉장한 기술에 맞았을 때 데미지를 0.75배로 받는다.,
112,Slow Start,슬로스타트,ON_SWITCH_IN,SPECIAL_LOGIC,NONE,0,SELF,"For five turns, the Pokemon's Attack and Speed stats are halved.",등장 후 5턴 동안 공격과 스피드가 절반이 된다.,
113,Scrappy,배짱,PASSIVE,TYPE_EFFECTIVENESS,NORMAL_FIGHT_VS_GHOST,1,SELF,The Pokemon can hit Ghost-type Pokemon with Normal- and Fighting-type moves. It is also unaffected by Intimidate.,노말과 격투 타입 기술로 고스트 타입에게 데미지를 줄 수 있다. 위협도 받지 않는다.,
114,Storm Drain,마중물,SPECIAL_LOGIC,SPECIAL_LOGIC,WATER,1,SELF,"The Pokemon draws in all Water-type moves. Instead of taking damage from them, its Sp. Atk stat is boosted.","물 기술을 자신에게 유인하고, 데미지를 무효화하며 특공을 1랭크 올린다.",
115,Ice Body,아이스바디,ON_WEATHER,HEAL,SNOW,0.0625,SELF,The Pokemon gradually regains HP in snow.,날씨가 눈(싸라기눈)일 때 매 턴 최대 HP의 1/16을 회복한다.,
116,Solid Rock,하드록,PASSIVE,DAMAGE_MODIFIER,SUPER_EFFECTIVE_TAKEN,0.75,SELF,Reduces the power of supereffective attacks that hit the Pokemon.,효과가 굉장한 기술에 맞았을 때 데미지를 0.75배로 받는다.,
117,Snow Warning,눈퍼뜨리기,ON_SWITCH_IN,WEATHER_CHANGE,SNOW,5,FIELD,The Pokemon makes it snow when it enters a battle.,등장했을 때 날씨를 눈(싸라기눈)으로 바꾼다.,
118,Honey Gather,꿀모으기,ON_END_BATTLE,SPECIAL_LOGIC,NONE,0,SELF,The Pokemon may gather Honey after a battle.,배틀 종료 후 일정 확률로 '달콤한꿀'을 줍는다.,
119,Frisk,통찰,ON_SWITCH_IN,SPECIAL_LOGIC,NONE,0,SELF,"When it enters a battle, the Pokemon can check an opposing Pokemon's held item.",등장 시 상대의 도구를 알 수 있다.,
120,Reckless,이판사판,PASSIVE,DAMAGE_MODIFIER,RECOIL_MOVES,1.2,SELF,Powers up moves that have recoil damage.,반동 데미지를 받는 기술의 위력이 1.2배가 된다.,
121,Multitype,멀티타입,PASSIVE,SPECIAL_LOGIC,NONE,0,SELF,Changes the Pokemon's type to match the plate it holds.,플레이트에 따라 타입이 바뀐다.,
122,Flower Gift,플라워기프트,ON_WEATHER,SPECIAL_LOGIC,NONE,0,SELF,Boosts the Attack and Sp. Def stats of the Pokemon and its allies in harsh sunlight.,쾌청일 때 자신과 아군의 공격과 특방이 1.5배가 된다.,
123,Bad Dreams,나이트메어,ON_END_TURN,SPECIAL_LOGIC,NONE,0,SELF,Damages opposing Pokemon that are asleep.,잠든 상대에게 매 턴 최대 HP의 1/8 데미지를 준다.,
124,Pickpocket,나쁜손버릇,ON_HIT_CONTACT,SPECIAL_LOGIC,NONE,0,SELF,The Pokemon steals the held item from attackers that make direct contact with it.,접촉 기술을 사용한 상대의 도구를 훔친다.,
125,Sheer Force,우격다짐,PASSIVE,SPECIAL_LOGIC,NONE,0,SELF,"Removes any additional effects from the Pokemon's moves, but increases the moves' power.","부가 효과가 있는 기술의 위력이 1.3배가 되는 대신, 부가 효과가 발동하지 않는다.",
126,Contrary,심술꾸러기,PASSIVE,STAT_MODIFIER,REVERSE_STAT_CHANGES,0,SELF,Reverses any stat changes affecting the Pokemon so that attempts to boost its stats instead lower them ? and attempts to lower its stats will boost them.,능력치 랭크 변화가 반대로 적용된다.,
127,Unnerve,긴장감,ON_SWITCH_IN,ITEM_ACTION,BERRY_LOCK,0,ALL_FOES,Unnerves opposing Pokemon and makes them unable to eat Berries.,상대 포켓몬이 나무열매를 먹지 못하게 한다.,
128,Defiant,오기,ON_STAT_LOWERED,STAT_CHANGE,ATTACK,2,SELF,"If the Pokemon has any stat lowered by an opposing Pokemon, its Attack stat will be boosted sharply.",상대에 의해 능력치가 떨어졌을 때 공격이 2랭크 상승한다.,
129,Defeatist,무기력,ON_LOW_HP,SPECIAL_LOGIC,NONE,0,SELF,Halves the Pokemon's Attack and Sp. Atk stats when its HP drops to half or less.,HP가 절반 이하일 때 공격과 특공이 절반이 된다.,
130,Cursed Body,저주받은바디,ON_HIT_BY_MOVE,SPECIAL_LOGIC,NONE,0,SELF,May disable a move that has dealt damage to the Pokemon.,공격을 받았을 때 30% 확률로 상대의 기술을 사슬묶기 상태로 만든다.,
131,Healer,힐링시프트,ON_END_TURN,SPECIAL_LOGIC,NONE,0,SELF,Sometimes cures the status conditions of the Pokemon's allies.,매 턴 30% 확률로 옆에 있는 아군의 상태 이상을 회복한다.,
132,Friend Guard,프렌드가드,PASSIVE,DAMAGE_MODIFIER,ALLY_DAMAGE,0.75,ALLY,Reduces damage dealt to allies.,같은 편이 받는 데미지를 0.75배로 줄여준다.,
133,Weak Armor,깨지는갑옷,ON_HIT_PHYSICAL,STAT_CHANGE,"DEFENSE,-1,SPEED,2",0,SELF,"The Pokemon's Defense stat is lowered when it takes damage from physical moves, but its Speed stat is sharply boosted.",물리 기술을 받으면 방어가 1랭크 하락하고 스피드가 2랭크 상승한다.,
134,Heavy Metal,헤비메탈,PASSIVE,WEIGHT_MODIFIER,WEIGHT,2,SELF,Doubles the Pokemon's weight.,몸무게가 2배가 된다.,
135,Light Metal,라이트메탈,PASSIVE,WEIGHT_MODIFIER,WEIGHT,0.5,SELF,Halves the Pokemon's weight.,몸무게가 절반이 된다.,
136,Multiscale,멀티스케일,PASSIVE,DAMAGE_MODIFIER,DAMAGE_TAKEN_FULL_HP,0.5,SELF,Reduces the amount of damage the Pokemon takes while its HP is full.,HP가 가득 차 있을 때 받는 데미지를 절반으로 줄인다.,
137,Toxic Boost,독폭주,PASSIVE,STAT_MODIFIER_STATUS,ATTACK,1.5,SELF,Powers up physical moves when the Pokemon is poisoned.,독 상태일 때 물리 기술의 위력이 1.5배가 된다.,
138,Flare Boost,열폭주,PASSIVE,STAT_MODIFIER_STATUS,SPECIAL_ATTACK,1.5,SELF,Powers up special moves when the Pokemon is burned.,화상 상태일 때 특수 기술의 위력이 1.5배가 된다.,
139,Harvest,수확,ON_END_TURN,SPECIAL_LOGIC,NONE,0,SELF,May create another Berry after one is used.,사용한 나무열매를 50% 확률(쾌청일 때 100%)로 재생한다.,
140,Telepathy,텔레파시,PASSIVE,MOVE_IMMUNITY,ALLY_ATTACK,0,SELF,The Pokemon anticipates and dodges the attacks of its allies.,아군의 공격을 받지 않는다.,
141,Moody,변덕쟁이,ON_END_TURN,SPECIAL_LOGIC,NONE,0,SELF,"Every turn, one of the Pokemon's stats will be boosted sharply, but another stat will be lowered.","매 턴 랜덤한 능력치가 2랭크 상승하고, 다른 랜덤한 능력치가 1랭크 하락한다.",
142,Overcoat,방진,PASSIVE,EFFECT_IMMUNITY,"POWDER,WEATHER_DAMAGE",0,SELF,The Pokemon takes no damage from sandstorms. It is also protected from the effects of powders and spores.,"모래바람, 싸라기눈 데미지와 가루 기술을 받지 않는다.",
143,Poison Touch,독수,ON_CONTACT,PRIMARY_STATUS,POISON,0.3,TARGET,May poison a target when the Pokemon makes contact.,접촉 기술을 사용했을 때 30% 확률로 상대를 독 상태로 만든다.,
144,Regenerator,재생력,ON_SWITCH_OUT,HEAL,MAX_HP,0.33,SELF,The Pokemon has a little of its HP restored when withdrawn from battle.,교체할 때 최대 HP의 1/3을 회복한다.,
145,Big Pecks,부풀은가슴,PASSIVE,STAT_MODIFIER_IMMUNITY,DEFENSE_LOWER,0,SELF,Prevents the Pokemon from having its Defense stat lowered.,상대에 의해 방어가 떨어지지 않는다.,
146,Sand Rush,모래헤치기,ON_WEATHER,STAT_MODIFIER,SPEED,2,SELF,Boosts the Pokemon's Speed stat in a sandstorm.,날씨가 모래바람일 때 스피드가 2배가 된다.,
147,Wonder Skin,미라클스킨,PASSIVE,ACCURACY_MODIFIER,STATUS_MOVES_ON_SELF,0.5,SELF,Makes status moves more likely to miss the Pokemon.,변화 기술을 받을 때 명중률을 절반으로 계산한다.,
148,Analytic,애널라이즈,ON_MOVE_LAST,DAMAGE_MODIFIER,ANY,1.3,SELF,Boosts the power of the Pokemon's move if it is the last to act that turn.,같은 턴에 가장 나중에 행동할 때 기술의 위력이 1.3배가 된다.,
149,Illusion,일루전,ON_SWITCH_IN,SPECIAL_LOGIC,NONE,0,SELF,The Pokemon fools opponents by entering battle disguised as the last Pokemon in its Trainer's party.,파티의 마지막 포켓몬으로 변신해서 등장한다.,
150,Imposter,괴짜,ON_SWITCH_IN,TRANSFORM,NONE,0,FOE,The Pokemon transforms itself into the Pokemon it's facing.,등장했을 때 바로 앞의 상대로 변신한다.,
151,Infiltrator,틈새포착,PASSIVE,MOVE_MODIFIER,IGNORE_SCREENS,0,SELF,"The Pokemon's moves are unaffected by the target's barriers, substitutes, and the like.","리플렉터, 빛의장막, 대타출동 등을 무시하고 공격한다.",
152,Mummy,미라,ON_CONTACT,SPECIAL_LOGIC,NONE,0,ATTACKER,Contact with the Pokemon changes the attacker's Ability to Mummy.,접촉한 상대의 특성을 미라로 바꾼다.,
153,Moxie,자기과신,ON_KO,STAT_CHANGE,ATTACK,1,SELF,"When the Pokemon knocks out a target, it shows moxie, which boosts its Attack stat.",상대를 쓰러뜨렸을 때 공격이 1랭크 상승한다.,
154,Justified,정의의마음,ON_HIT_BY_TYPE,STAT_CHANGE,ATTACK,1,SELF,"When the Pokemon is hit by a Dark-type attack, its Attack stat is boosted by its sense of justice.",악 타입 기술을 받으면 공격이 1랭크 상승한다.,
155,Rattled,주눅,ON_HIT_BY_TYPE,"BUG,GHOST,DARK",STAT_CHANGE,SPEED,1,"The Pokemon gets scared when hit by a Dark-, Ghost-, or Bug-type attack or if intimidated, which boosts its Speed stat.","The Pokemon gets scared when hit by a Dark-, Ghost-, or Bug-type attack or if intimidated, which boosts its Speed stat.","벌레, 고스트, 악 타입 기술을 받거나 위협을 당하면 스피드가 1랭크 상승한다."
156,Magic Bounce,매직미러,PASSIVE,SPECIAL_LOGIC,NONE,0,SELF,The Pokemon reflects status moves instead of getting hit by them.,변화 기술을 반사한다.,
157,Sap Sipper,초식,ON_HIT_BY_TYPE,SPECIAL_LOGIC,GRASS,1,SELF,"The Pokemon takes no damage when hit by Grass-type moves. Instead, its Attack stat is boosted.",풀 타입 기술을 받으면 무효화하고 공격이 1랭크 상승한다.,
158,Prankster,짓궂은마음,PASSIVE,PRIORITY_MODIFIER,STATUS_MOVES,1,SELF,Gives priority to the Pokemon's status moves.,변화 기술의 우선도가 +1 증가한다.,
159,Sand Force,모래의힘,ON_WEATHER,DAMAGE_MODIFIER,"ROCK,GROUND,STEEL",1.3,SELF,"Boosts the power of Rock-, Ground-, and Steel-type moves in a sandstorm.","모래바람일 때 바위, 땅, 강철 타입 기술의 위력이 1.3배가 된다.",
160,Iron Barbs,철가시,ON_CONTACT,DAMAGE,MAX_HP,0.125,ATTACKER,The Pokemon's iron barbs damage the attacker if it makes direct contact.,접촉한 상대에게 최대 HP의 1/8 데미지를 준다.,
161,Zen Mode,달마모드,ON_LOW_HP,SPECIAL_LOGIC,NONE,0,SELF,Changes the Pokemon's shape when its HP drops to half or less.,HP가 절반 이하일 때 폼 체인지한다.,
162,Victory Star,승리의별,PASSIVE,ACCURACY_MODIFIER,SELF_AND_ALLY,1.1,FIELD,Boosts the accuracy of the Pokemon and its allies.,자신과 아군의 명중률이 1.1배가 된다.,
163,Turboblaze,터보블레이즈,PASSIVE,MOVE_MODIFIER,IGNORE_ABILITY,0,SELF,The Pokemon's moves are unimpeded by the Ability of the target.,공격 시 상대의 방어적인 특성을 무시한다.,
164,Teravolt,테라볼티지,PASSIVE,MOVE_MODIFIER,IGNORE_ABILITY,0,SELF,The Pokemon's moves are unimpeded by the Ability of the target.,공격 시 상대의 방어적인 특성을 무시한다.,
165,Aroma Veil,아로마베일,PASSIVE,MOVE_IMMUNITY,MENTAL_ATTACKS,0,ALLY,Protects the Pokemon and its allies from effects that prevent the use of moves.,아군이 멘탈 공격을 받지 않는다.,
166,Flower Veil,플라워베일,PASSIVE,SPECIAL_LOGIC,NONE,0,ALLY,Ally Grass-type Pokemon are protected from status conditions and the lowering of their stats.,아군 풀 타입 포켓몬이 상태 이상과 능력치 하락을 받지 않는다.,
167,Cheek Pouch,볼주머니,ON_BERRY_EAT,HEAL,MAX_HP,0.33,SELF,"The Pokemon's HP is restored when it eats any Berry, in addition to the Berry's usual effect.",나무열매를 먹으면 최대 HP의 1/3을 회복한다.,
168,Protean,변幻자재,ON_MOVE_USE,SPECIAL_LOGIC,NONE,0,SELF,Changes the Pokemon's type to the type of the move it's about to use. This works only once each time the Pokemon enters battle.,기술을 사용하기 직전에 그 기술의 타입으로 변한다.,
169,Fur Coat,퍼코트,PASSIVE,DAMAGE_MODIFIER,PHYSICAL_TAKEN,0.5,SELF,Halves the damage taken from physical moves.,물리 기술에 받는 데미지를 절반으로 줄인다.,
170,Magician,매지션,ON_MOVE_HIT,SPECIAL_LOGIC,NONE,0,SELF,The Pokemon steals the held item from any target it hits with a move.,공격 기술을 명중시킨 상대의 도구를 훔친다.,
171,Bulletproof,방탄,PASSIVE,MOVE_IMMUNITY,BALL_BOMB_MOVES,0,SELF,Protects the Pokemon from ball and bomb moves.,"구슬, 폭탄류 기술을 받지 않는다.",
172,Competitive,승기,ON_STAT_LOWERED,STAT_CHANGE,SPECIAL_ATTACK,2,SELF,Boosts the Pokemon's Sp. Atk stat sharply when its stats are lowered by an opposing Pokemon.,상대에 의해 능력치가 떨어졌을 때 특공이 2랭크 상승한다.,
173,Strong Jaw,옹골찬턱,PASSIVE,DAMAGE_MODIFIER,BITING_MOVES,1.5,SELF,The Pokemon's strong jaw boosts the power of its biting moves.,무는 기술의 위력이 1.5배가 된다.,
174,Refrigerate,프리즈스킨,PASSIVE,SPECIAL_LOGIC,NONE,0,SELF,Normal-type moves become Ice-type moves. The power of those moves is boosted a little.,노말 타입 기술이 얼음 타입이 되며 위력이 1.2배가 된다.,
175,Sweet Veil,스위트베일,PASSIVE,STATUS_IMMUNITY,SLEEP,0,ALLY,Prevents the Pokemon and its allies from falling asleep.,아군이 잠듦 상태가 되지 않는다.,
176,Stance Change,배틀스위치,ON_MOVE_USE,SPECIAL_LOGIC,NONE,0,SELF,The Pokemon changes its form to Blade Forme when it uses an attack move and changes to Shield Forme when it uses King's Shield.,"공격 기술을 사용하면 블레이드폼, 킹실드를 사용하면 실드폼이 된다.",
177,Gale Wings,질풍날개,ON_MOVE_USE,SPECIAL_LOGIC,NONE,0,SELF,Gives priority to the Pokemon's Flying-type moves while its HP is full.,HP가 가득 차 있을 때 비행 타입 기술의 우선도가 +1 증가한다.,
178,Mega Launcher,메가런처,PASSIVE,DAMAGE_MODIFIER,PULSE_MOVES,1.5,SELF,Powers up pulse moves.,파동 기술의 위력이 1.5배가 된다.,
179,Grass Pelt,풀모피,ON_TERRAIN,STAT_MODIFIER,DEFENSE,1.5,SELF,Boosts the Pokemon's Defense stat on Grassy Terrain.,그래스필드일 때 방어가 1.5배가 된다.,
180,Symbiosis,공생,ON_ALLY_ITEM_USE,SPECIAL_LOGIC,NONE,0,SELF,The Pokemon passes its held item to an ally that has used up an item.,아군이 도구를 사용하면 자신의 도구를 넘겨준다.,
181,Tough Claws,단단한발톱,PASSIVE,DAMAGE_MODIFIER,CONTACT_MOVES,1.3,SELF,Powers up moves that make direct contact.,접촉 기술의 위력이 1.3배가 된다.,
182,Pixilate,페어리스킨,PASSIVE,SPECIAL_LOGIC,NONE,0,SELF,Normal-type moves become Fairy-type moves. The power of those moves is boosted a little.,노말 타입 기술이 페어리 타입이 되며 위력이 1.2배가 된다.,
183,Gooey,미끈미끈,ON_CONTACT,STAT_CHANGE,SPEED,-1,ATTACKER,Contact with the Pokemon lowers the attacker's Speed stat.,접촉한 상대의 스피드를 1랭크 떨어뜨린다.,
184,Aerilate,스카이스킨,PASSIVE,SPECIAL_LOGIC,NONE,0,SELF,Normal-type moves become Flying-type moves. The power of those moves is boosted a little.,노말 타입 기술이 비행 타입이 되며 위력이 1.2배가 된다.,
185,Parental Bond,부자유친,PASSIVE,SPECIAL_LOGIC,NONE,0,SELF,The parent and child attack one after the other.,공격이 2번 나간다. 두 번째 공격은 위력이 0.25배.,
186,Dark Aura,다크오라,PASSIVE,DAMAGE_MODIFIER,DARK,1.33,FIELD,Powers up the Dark-type moves of all Pokemon on the field.,모든 포켓몬의 악 타입 기술 위력이 1.33배가 된다.,
187,Fairy Aura,페어리오라,PASSIVE,DAMAGE_MODIFIER,FAIRY,1.33,FIELD,Powers up the Fairy-type moves of all Pokemon on the field.,모든 포켓몬의 페어리 타입 기술 위력이 1.33배가 된다.,
188,Aura Break,오라브레이크,PASSIVE,SPECIAL_LOGIC,NONE,0,FIELD,"The effects of ""Aura"" Abilities are reversed to lower the power of affected moves.",오라 특성의 효과를 반대로 만든다.,
189,Primordial Sea,시작의바다,ON_SWITCH_IN,WEATHER_CHANGE,HEAVY_RAIN,0,FIELD,The Pokemon changes the weather to nullify Fire-type attacks.,"날씨를 강한 비로 만들고, 불꽃 타입 기술을 무효화한다.",
190,Desolate Land,끝의대지,ON_SWITCH_IN,WEATHER_CHANGE,EXTREME_HARSH_SUNLIGHT,0,FIELD,The Pokemon changes the weather to nullify Water-type attacks.,"날씨를 강한 햇살로 만들고, 물 타입 기술을 무효화한다.",
191,Delta Stream,델타스트림,ON_SWITCH_IN,WEATHER_CHANGE,STRONG_WINDS,0,FIELD,The Pokemon changes the weather so that no moves are supereffective against the Flying type.,"날씨를 난기류로 만들고, 비행 타입의 약점을 없앤다.",
192,Stamina,지구력,ON_HIT_BY_MOVE,STAT_CHANGE,DEFENSE,1,SELF,Boosts the Defense stat when the Pokemon is hit by an attack.,공격을 받으면 방어가 1랭크 상승한다.,
193,Wimp Out,도망태세,ON_LOW_HP,SPECIAL_LOGIC,NONE,0,SELF,The Pokemon cowardly switches out when its HP drops to half or less.,HP가 절반 이하가 되면 교체한다.,
194,Emergency Exit,위기회피,ON_LOW_HP,SPECIAL_LOGIC,NONE,0,SELF,"The Pokemon, sensing danger, switches out when its HP drops to half or less.",HP가 절반 이하가 되면 교체한다.,
195,Water Compaction,수분응집,ON_HIT_BY_TYPE,STAT_CHANGE,DEFENSE,2,SELF,Boosts the Defense stat sharply when the Pokemon is hit by a Water-type move.,물 타입 기술을 받으면 방어가 2랭크 상승한다.,
196,Merciless,무도한행동,PASSIVE,SPECIAL_LOGIC,NONE,0,SELF,The Pokemon's attacks become critical hits if the target is poisoned.,독 상태인 상대에게 반드시 급소에 맞힌다.,
197,Shields Down,리밋실드,PASSIVE,SPECIAL_LOGIC,NONE,0,SELF,"When its HP drops to half or less, the Pokemon's shell breaks and it becomes aggressive.",HP가 절반 이하일 때 폼 체인지한다.,
198,Stakeout,잠복,PASSIVE,SPECIAL_LOGIC,NONE,0,SELF,Doubles the damage dealt to a target that has just switched into battle.,교체되어 나온 상대에게 주는 데미지가 2배가 된다.,
199,Water Bubble,수포,PASSIVE,SPECIAL_LOGIC,NONE,0,SELF,Lowers the power of Fire-type moves that hit the Pokemon and prevents it from being burned.,"물 기술 위력 2배, 화상 면역, 받는 불꽃 기술 데미지 절반.",
200,Steelworker,강철술사,PASSIVE,DAMAGE_MODIFIER,STEEL,1.5,SELF,Powers up Steel-type moves.,강철 타입 기술의 위력이 1.5배가 된다.,
201,Berserk,버서크,ON_LOW_HP,STAT_CHANGE,SPECIAL_ATTACK,1,SELF,Boosts the Pokemon's Sp. Atk stat when it takes a hit that causes its HP to drop to half or less.,HP가 절반 이하가 되면 특공이 1랭크 상승한다.,
202,Slush Rush,눈치우기,ON_WEATHER,STAT_MODIFIER,SPEED,2,SELF,Boosts the Pokemon's Speed stat in snow.,날씨가 눈(싸라기눈)일 때 스피드가 2배가 된다.,
203,Long Reach,원격,PASSIVE,MOVE_MODIFIER,NO_CONTACT,0,SELF,The Pokemon uses its moves without making contact with the target.,모든 기술이 비접촉 기술이 된다.,
204,Liquid Voice,촉촉보이스,PASSIVE,SPECIAL_LOGIC,NONE,0,SELF,Sound-based moves become Water-type moves.,소리 기술이 물 타입이 된다.,
205,Triage,힐링시프트,PASSIVE,PRIORITY_MODIFIER,HEALING_MOVES,3,SELF,Gives priority to the Pokemon's healing moves.,회복 기술의 우선도가 +3 증가한다.,
206,Galvanize,일렉트릭스킨,PASSIVE,SPECIAL_LOGIC,NONE,0,SELF,Normal-type moves become Electric-type moves. The power of those moves is boosted a little.,노말 타입 기술이 전기 타입이 되며 위력이 1.2배가 된다.,
207,Surge Surfer,서핑테일,ON_TERRAIN,STAT_MODIFIER,SPEED,2,SELF,Doubles the Pokemon's Speed stat on Electric Terrain.,일렉트릭필드일 때 스피드가 2배가 된다.,
208,Schooling,어군,PASSIVE,SPECIAL_LOGIC,NONE,0,SELF,"When it has a lot of HP, the Pokemon forms a powerful school. It stops schooling when its HP is low.",HP가 1/4 이상일 때 폼 체인지한다.,
209,Disguise,탈,PASSIVE,SPECIAL_LOGIC,NONE,0,SELF,"Once per battle, the shroud that covers the Pokemon can protect it from an attack at the cost of 12.5% of its HP.",한 번의 공격을 막아주며 폼 체인지한다.,
210,Battle Bond,유대변화,ON_KO,SPECIAL_LOGIC,NONE,0,SELF,"When the Pokemon knocks out a target, its bond with its Trainer is strengthened, and its Attack, Sp. Atk, and Speed stats are boosted.",상대를 쓰러뜨리면 폼 체인지하고 능력치가 상승한다.,
211,Power Construct,파워퍼스트,ON_LOW_HP,SPECIAL_LOGIC,NONE,0,SELF,"Cells gather to aid the Pokemon when its HP drops to half or less, causing it to change into its Complete Forme.",HP가 절반 이하일 때 폼 체인지한다.,
212,Corrosion,부식,PASSIVE,SPECIAL_LOGIC,NONE,0,SELF,The Pokemon can poison the target even if it's a Steel- or Poison-type.,"강철, 독 타입에게도 독을 걸 수 있다.",
213,Comatose,절대안깸,PASSIVE,SPECIAL_LOGIC,NONE,0,SELF,The Pokemon is always drowsing and will never wake up. It can attack while in its sleeping state.,"항상 잠듦 상태이며, 상태 이상에 걸리지 않는다.",
214,Queenly Majesty,여왕의위엄,PASSIVE,SPECIAL_LOGIC,NONE,0,ALLY,The Pokemon's majesty pressures opponents and makes them unable to use priority moves against the Pokemon or its allies.,상대가 우선도 높은 기술을 사용하지 못하게 한다.,
215,Innards Out,내용물분출,ON_FAINT,SPECIAL_LOGIC,NONE,0,SELF,"When the Pokemon is knocked out, it damages its attacker by the amount equal to the HP it had left before it was hit.",기절했을 때 마지막으로 받은 데미지를 상대에게 준다.,
216,Dancer,무희,ON_OTHER_MOVE_USE,SPECIAL_LOGIC,NONE,0,SELF,"Whenever a dance move is used in battle, the Pokemon will copy the user to immediately perform that dance move itself.","다른 포켓몬이 춤 기술을 사용하면, 이어서 같은 기술을 사용한다.",
217,Battery,배터리,PASSIVE,DAMAGE_MODIFIER,ALLY_SPECIAL_DAMAGE,1.3,ALLY,Powers up ally Pokemon's special moves.,아군의 특수 기술 위력을 1.3배 올린다.,
218,Fluffy,솜털,PASSIVE,SPECIAL_LOGIC,NONE,0,SELF,"Halves the damage taken from moves that make direct contact, but doubles that of Fire-type moves.","접촉 기술 데미지를 절반으로 받지만, 불꽃 타입 기술 데미지는 2배로 받는다.",
219,Dazzling,비비드바디,PASSIVE,SPECIAL_LOGIC,NONE,0,ALLY,"The Pokemon dazzles its opponents, making them unable to use priority moves against the Pokemon or its allies.",상대가 우선도 높은 기술을 사용하지 못하게 한다.,
220,Soul-Heart,소울하트,ON_ANY_FAINT,STAT_CHANGE,SPECIAL_ATTACK,1,SELF,Boosts the Pokemon's Sp. Atk stat every time another Pokemon faints.,다른 포켓몬이 기절할 때마다 특공이 1랭크 상승한다.,
221,Tangling Hair,컬리헤어,ON_CONTACT,STAT_CHANGE,SPEED,-1,ATTACKER,Contact with the Pokemon lowers the attacker's Speed stat.,접촉한 상대의 스피드를 1랭크 떨어뜨린다.,
222,Receiver,리시버,ON_ALLY_FAINT,SPECIAL_LOGIC,NONE,0,SELF,The Pokemon copies the Ability of a defeated ally.,기절한 아군의 특성을 이어받는다.,
223,Power of Alchemy,과학의힘,ON_ALLY_FAINT,SPECIAL_LOGIC,NONE,0,SELF,The Pokemon copies the Ability of a defeated ally.,기절한 아군의 특성을 이어받는다.,
224,Beast Boost,비스트부스트,ON_KO,SPECIAL_LOGIC,NONE,0,SELF,Boosts the Pokemon's most proficient stat every time it knocks out a target.,상대를 쓰러뜨리면 가장 높은 능력치가 1랭크 상승한다.,
225,RKS System,AR시스템,PASSIVE,SPECIAL_LOGIC,NONE,0,SELF,Changes the Pokemon's type to match the memory disc it holds.,메모리에 따라 타입이 바뀐다.,
226,Electric Surge,일렉트릭메이커,ON_SWITCH_IN,TERRAIN_CHANGE,ELECTRIC_TERRAIN,5,FIELD,Turns the ground into Electric Terrain when the Pokemon enters a battle.,등장했을 때 필드를 일렉트릭필드로 바꾼다.,
227,Psychic Surge,사이코메이커,ON_SWITCH_IN,TERRAIN_CHANGE,PSYCHIC_TERRAIN,5,FIELD,Turns the ground into Psychic Terrain when the Pokemon enters a battle.,등장했을 때 필드를 사이코필드로 바꾼다.,
228,Misty Surge,미스트메이커,ON_SWITCH_IN,TERRAIN_CHANGE,MISTY_TERRAIN,5,FIELD,Turns the ground into Misty Terrain when the Pokemon enters a battle.,등장했을 때 필드를 미스트필드로 바꾼다.,
229,Grassy Surge,그래스메이커,ON_SWITCH_IN,TERRAIN_CHANGE,GRASSY_TERRAIN,5,FIELD,Turns the ground into Grassy Terrain when the Pokemon enters a battle.,등장했을 때 필드를 그래스필드로 바꾼다.,
230,Full Metal Body,메탈프로텍트,PASSIVE,STAT_MODIFIER_IMMUNITY,ANY_LOWER,0,SELF,Prevents other Pokemon's moves or Abilities from lowering the Pokemon's stats.,상대에 의해 능력치가 떨어지지 않는다.,
231,Shadow Shield,스펙터가드,PASSIVE,DAMAGE_MODIFIER,DAMAGE_TAKEN_FULL_HP,0.5,SELF,Reduces the amount of damage the Pokemon takes while its HP is full.,HP가 가득 차 있을 때 받는 데미지를 절반으로 줄인다.,
232,Prism Armor,프리즘아머,PASSIVE,DAMAGE_MODIFIER,SUPER_EFFECTIVE_TAKEN,0.75,SELF,Reduces the power of supereffective attacks that hit the Pokemon.,효과가 굉장한 기술에 맞았을 때 데미지를 0.75배로 받는다.,
233,Neuroforce,브레인포스,PASSIVE,DAMAGE_MODIFIER,SUPER_EFFECTIVE_DEALT,1.25,SELF,Powers up the Pokemon's supereffective attacks even further.,효과가 굉장한 기술의 위력이 1.25배가 된다.,
234,Intrepid Sword,불요의검,ON_SWITCH_IN,STAT_CHANGE,ATTACK,1,SELF,Boosts the Pokemon's Attack stat when the Pokemon enters a battle for the first time.,등장했을 때 공격이 1랭크 상승한다.,
235,Dauntless Shield,불굴의방패,ON_SWITCH_IN,STAT_CHANGE,DEFENSE,1,SELF,Boosts the Pokemon's Defense stat when the Pokemon enters a battle for the first time.,등장했을 때 방어가 1랭크 상승한다.,
236,Libero,리베로,ON_MOVE_USE,SPECIAL_LOGIC,NONE,0,SELF,Changes the Pokemon's type to the type of the move it's about to use. This works only once each time the Pokemon enters battle.,기술을 사용하기 직전에 그 기술의 타입으로 변한다.,
237,Ball Fetch,볼줍기,SPECIAL_LOGIC,SPECIAL_LOGIC,NONE,0,SELF,"If the Pokemon is not holding an item, it will fetch the Pok? Ball from the first failed throw of the battle.",도구가 없을 때 첫 번째 실패한 몬스터볼을 주워온다.,
238,Cotton Down,솜털,ON_HIT_BY_MOVE,STAT_CHANGE,SPEED,-1,ALL_OTHERS,"When the Pokemon is hit by an attack, it scatters cotton fluff around and lowers the Speed stats of all Pokemon except itself.",공격을 받으면 자신을 제외한 모든 포켓몬의 스피드를 1랭크 떨어뜨린다.,
239,Propeller Tail,스크루지느러미,PASSIVE,MOVE_MODIFIER,IGNORE_REDIRECT,0,SELF,Ignores the effects of opposing Pokemon's Abilities and moves that draw in moves.,상대의 유인 기술이나 특성을 무시하고 공격한다.,
240,Mirror Armor,미러아머,ON_STAT_LOWERED,SPECIAL_LOGIC,NONE,0,ATTACKER,Bounces back only the stat-lowering effects that the Pokemon receives.,능력치 하락 효과를 상대에게 반사한다.,
241,Gulp Missile,꾸역꾸역미사일,ON_MOVE_USE,SPECIAL_LOGIC,NONE,0,SELF,"When the Pokemon uses Surf or Dive, it will come back with prey. When it takes damage, it will spit out the prey to attack.","파도타기/다이빙 후 상대를 물고 오며, 공격받으면 상대를 뱉어 공격한다.",
242,Stalwart,굳건한신념,PASSIVE,MOVE_MODIFIER,IGNORE_REDIRECT,0,SELF,Ignores the effects of opposing Pokemon's Abilities and moves that draw in moves.,상대의 유인 기술이나 특성을 무시하고 공격한다.,
243,Steam Engine,증기기관,ON_HIT_BY_TYPE,"FIRE,WATER",STAT_CHANGE,SPEED,6,Boosts the Speed stat drastically when the Pokemon is hit by a Fire- or Water-type move.,Boosts the Speed stat drastically when the Pokemon is hit by a Fire- or Water-type move.,불꽃이나 물 타입 기술을 받으면 스피드가 6랭크 상승한다.
244,Punk Rock,펑크록,PASSIVE,SPECIAL_LOGIC,NONE,0,SELF,Boosts the power of sound-based moves. The Pokemon also takes half the damage from these kinds of moves.,"소리 기술 위력이 1.3배가 되고, 받는 소리 기술 데미지는 절반이 된다.",
245,Sand Spit,모래뿜기,ON_HIT_BY_MOVE,WEATHER_CHANGE,SANDSTORM,5,FIELD,The Pokemon creates a sandstorm when it's hit by an attack.,공격을 받으면 날씨를 모래바람으로 바꾼다.,
246,Ice Scales,얼음인분,PASSIVE,DAMAGE_MODIFIER,SPECIAL_TAKEN,0.5,SELF,"The Pokemon is protected by ice scales, which halve the damage taken from special moves.",특수 기술에 받는 데미지를 절반으로 줄인다.,
247,Ripen,숙성,PASSIVE,ITEM_ACTION,DOUBLE_BERRY_EFFECT,0,SELF,Ripens Berries and doubles their effect.,나무열매의 효과가 2배가 된다.,
248,Ice Face,아이스페이스,PASSIVE,SPECIAL_LOGIC,NONE,0,SELF,"The Pokemon's ice head can take a physical attack as a substitute, but the attack also changes the Pokemon's appearance. The ice will be restored when it snows.",물리 공격을 1번 막아주며 폼 체인지한다. 눈이 오면 원래대로 돌아온다.,
249,Power Spot,파워스폿,PASSIVE,DAMAGE_MODIFIER,ALLY_DAMAGE,1.3,ALLY,Just being next to the Pokemon powers up moves.,아군의 기술 위력을 1.3배 올린다.,
250,Mimicry,의태,ON_TERRAIN_CHANGE,TYPE_CHANGE,TERRAIN_TYPE,0,SELF,Changes the Pokemon's type depending on the terrain.,필드에 따라 타입이 바뀐다.,
251,Screen Cleaner,배리어프리,ON_SWITCH_IN,FIELD_EFFECT_NEGATE,SCREENS,0,FIELD,"When the Pokemon enters a battle, the effects of Light Screen, Reflect, and Aurora Veil are nullified for both opposing and ally Pokemon.",등장 시 모든 장막을 파괴한다.,
252,Steely Spirit,강철정신,PASSIVE,DAMAGE_MODIFIER,ALLY_STEEL_DAMAGE,1.5,ALLY,Powers up the Steel-type moves of the Pokemon and its allies.,아군의 강철 기술 위력을 1.5배 올린다.,
253,Perish Body,멸망의바디,ON_CONTACT,SPECIAL_LOGIC,NONE,0,ATTACKER,"When hit by a move that makes direct contact, the Pokemon and the attacker will faint after three turns unless they switch out of battle.",접촉한 상대와 함께 멸망의노래 상태가 된다.,
254,Wandering Spirit,떠도는영혼,ON_CONTACT,SPECIAL_LOGIC,NONE,0,ATTACKER,The Pokemon exchanges Abilities with a Pokemon that hits it with a move that makes direct contact.,접촉한 상대와 특성을 바꾼다.,
255,Gorilla Tactics,고릴라모드,PASSIVE,SPECIAL_LOGIC,NONE,0,SELF,"Boosts the Pokemon's Attack stat, but only allows the use of the first selected move.","공격이 1.5배가 되는 대신, 처음 선택한 기술만 사용할 수 있다.",
256,Neutralizing Gas,화학변화가스,ON_SWITCH_IN,FIELD_EFFECT_NEGATE,ABILITIES,0,FIELD,"While the Pokemon is in the battle, the effects of all other Pokemon's Abilities will be nullified or will not be triggered.",등장하는 동안 모든 포켓몬의 특성을 없앤다.,
257,Pastel Veil,파스텔베일,PASSIVE,STATUS_IMMUNITY,POISON,0,ALLY,Prevents the Pokemon and its allies from being poisoned.,아군이 독 상태가 되지 않는다.,
258,Hunger Switch,꼬르륵스위치,ON_END_TURN,SPECIAL_LOGIC,NONE,0,SELF,"The Pokemon changes its form, alternating between its Full Belly Mode and Hangry Mode after the end of every turn.",매 턴 폼 체인지한다.,
259,Quick Draw,퀵드로,PASSIVE,SPECIAL_LOGIC,NONE,0,SELF,Enables the Pokemon to move first occasionally.,30% 확률로 선제공격한다.,
260,Unseen Fist,보이지않는주먹,PASSIVE,MOVE_MODIFIER,IGNORE_PROTECT,0,SELF,"If the Pokemon uses moves that make direct contact, it can attack the target even if the target protects itself.",접촉 기술은 방어를 무시하고 공격한다.,
261,Curious Medicine,기묘한약,ON_SWITCH_IN,SPECIAL_LOGIC,NONE,0,ALLY,"When the Pokemon enters a battle, it scatters medicine from its shell, which removes all stat changes from allies.",등장 시 아군의 능력치 랭크 변화를 원래대로 되돌린다.,
262,Transistor,트랜지스터,PASSIVE,DAMAGE_MODIFIER,ELECTRIC,1.3,SELF,Powers up Electric-type moves.,전기 타입 기술의 위력이 1.3배가 된다.,
263,Dragon's Maw,용의턱,PASSIVE,DAMAGE_MODIFIER,DRAGON,1.5,SELF,Powers up Dragon-type moves.,드래곤 타입 기술의 위력이 1.5배가 된다.,
264,Chilling Neigh,백의울음,ON_KO,STAT_CHANGE,ATTACK,1,SELF,"When the Pokemon knocks out a target, it utters a chilling neigh, which boosts its Attack stat.",상대를 쓰러뜨렸을 때 공격이 1랭크 상승한다.,
265,Grim Neigh,흑의울음,ON_KO,STAT_CHANGE,SPECIAL_ATTACK,1,SELF,"When the Pokemon knocks out a target, it utters a terrifying neigh, which boosts its Sp. Atk stat.",상대를 쓰러뜨렸을 때 특공이 1랭크 상승한다.,
266,As One,혼연일체,PASSIVE,SPECIAL_LOGIC,NONE,0,SELF,This Ability combines the effects of both Calyrex's Unnerve Ability and Glastrier's Chilling Neigh Ability.,긴장감과 백의울음 특성을 함께 가진다.,
267,As One,혼연일체,PASSIVE,SPECIAL_LOGIC,NONE,0,SELF,This Ability combines the effects of both Calyrex's Unnerve Ability and Spectrier's Grim Neigh Ability.,긴장감과 흑의울음 특성을 함께 가진다.,
268,Lingering Aroma,감미로운향기,ON_CONTACT,SPECIAL_LOGIC,NONE,0,ATTACKER,Contact with the Pokemon changes the attacker's Ability to Lingering Aroma.,접촉한 상대의 특성을 감미로운향기로 바꾼다.,
269,Seed Sower,씨뿌리기,ON_HIT_BY_MOVE,TERRAIN_CHANGE,GRASSY_TERRAIN,5,FIELD,Turns the ground into Grassy Terrain when the Pokemon is hit by an attack.,공격을 받으면 필드를 그래스필드로 바꾼다.,
270,Thermal Exchange,열교환,ON_HIT_BY_TYPE,SPECIAL_LOGIC,FIRE,1,SELF,Boosts the Attack stat when the Pokemon is hit by a Fire-type move. The Pokemon also cannot be burned.,"불꽃 기술을 받으면 공격이 1랭크 상승하며, 화상을 입지 않는다.",
271,Anger Shell,분노의껍질,ON_LOW_HP,STAT_CHANGE,"ATTACK,1,SPECIAL_ATTACK,1,SPEED,1,DEFENSE,-1,SPECIAL_DEFENSE,-1",0,SELF,"When an attack causes its HP to drop to half or less, the Pokemon gets angry. This lowers its Defense and Sp. Def stats but boosts its Attack, Sp. Atk, and Speed stats.",HP가 절반 이하가 되면 방어/특방이 1랭크 하락하고 공격/특공/스피드가 1랭크 상승한다.,
272,Purifying Salt,정화의소금,PASSIVE,SPECIAL_LOGIC,NONE,0,SELF,The Pokemon's pure salt protects it from status conditions and halves the damage taken from Ghost-type moves.,"상태 이상에 걸리지 않으며, 고스트 타입 기술 데미지를 절반으로 받는다.",
273,Well-Baked Body,노릇노릇바디,ON_HIT_BY_TYPE,SPECIAL_LOGIC,FIRE,2,SELF,"The Pokemon takes no damage when hit by Fire-type moves. Instead, its Defense stat is sharply boosted.",불꽃 기술을 받으면 무효화하고 방어가 2랭크 상승한다.,
274,Wind Rider,풍력발전,ON_HIT_BY_TYPE,SPECIAL_LOGIC,WIND,1,SELF,Boosts the Pokemon's Attack stat if Tailwind takes effect or if the Pokemon is hit by a wind move. The Pokemon also takes no damage from wind moves.,바람 기술을 받으면 무효화하고 공격이 1랭크 상승한다. 순풍이 불어도 발동한다.,
275,Guard Dog,파수견,ON_INTIMIDATED,SPECIAL_LOGIC,NONE,0,SELF,Boosts the Pokemon's Attack stat if intimidated. Moves and items that would force the Pokemon to switch out also fail to work.,위협을 받으면 공격이 1랭크 상승한다. 교체시키는 기술의 효과를 받지 않는다.,
276,Rocky Payload,돌싣기,PASSIVE,DAMAGE_MODIFIER,ROCK,1.5,SELF,Powers up Rock-type moves.,바위 타입 기술의 위력이 1.5배가 된다.,
277,Wind Power,풍력발전,ON_HIT_BY_TYPE,SPECIAL_LOGIC,WIND,1,SELF,"The Pokemon becomes charged when it is hit by a wind move, boosting the power of the next Electric-type move the Pokemon uses.",바람 기술을 받으면 충전 상태가 되어 다음 전기 기술의 위력이 2배가 된다.,
278,Zero to Hero,마이티체인지,ON_SWITCH_OUT,SPECIAL_LOGIC,NONE,0,SELF,The Pokemon transforms into its Hero Form when it switches out.,교체할 때 폼 체인지한다.,
279,Commander,사령탑,ON_SWITCH_IN,SPECIAL_LOGIC,NONE,0,SELF,"When the Pokemon enters a battle, it goes inside the mouth of an ally Dondozo if one is on the field. The Pokemon then issues commands from there.",등장 시 아군 어써러셔의 입 속으로 들어가 지시를 내린다.,
280,Electromorphosis,전기로바꾸기,ON_HIT_BY_MOVE,SPECIAL_LOGIC,NONE,0,SELF,"The Pokemon becomes charged when it takes damage, boosting the power of the next Electric-type move the Pokemon uses.",공격을 받으면 충전 상태가 되어 다음 전기 기술의 위력이 2배가 된다.,
281,Protosynthesis,고대활성,SPECIAL_LOGIC,SPECIAL_LOGIC,NONE,0,SELF,Boosts the Pokemon's most proficient stat in harsh sunlight or if the Pokemon is holding Booster Energy.,쾌청이거나 부스트에너지를 가졌을 때 가장 높은 능력치가 1.3배(스피드는 1.5배)가 된다.,
282,Quark Drive,쿼크차지,SPECIAL_LOGIC,SPECIAL_LOGIC,NONE,0,SELF,Boosts the Pokemon's most proficient stat on Electric Terrain or if the Pokemon is holding Booster Energy.,일렉트릭필드거나 부스트에너지를 가졌을 때 가장 높은 능력치가 1.3배(스피드는 1.5배)가 된다.,
283,Good as Gold,황금몸,PASSIVE,MOVE_IMMUNITY,STATUS_MOVES,0,SELF,"A body of pure, solid gold gives the Pokemon full immunity to other Pokemon's status moves.",상대의 변화 기술을 받지 않는다.,
284,Vessel of Ruin,재앙의그릇,PASSIVE,STAT_MODIFIER,SPECIAL_ATTACK,0.75,ALL_OTHERS,The power of the Pokemon's ruinous vessel lowers the Sp. Atk stats of all Pokemon except itself.,자신을 제외한 모든 포켓몬의 특수공격을 0.75배로 만든다.,
285,Sword of Ruin,재앙의검,PASSIVE,STAT_MODIFIER,DEFENSE,0.75,ALL_OTHERS,The power of the Pokemon's ruinous sword lowers the Defense stats of all Pokemon except itself.,자신을 제외한 모든 포켓몬의 방어를 0.75배로 만든다.,
286,Tablets of Ruin,재앙의목간,PASSIVE,STAT_MODIFIER,ATTACK,0.75,ALL_OTHERS,The power of the Pokemon's ruinous wooden tablets lowers the Attack stats of all Pokemon except itself.,자신을 제외한 모든 포켓몬의 공격을 0.75배로 만든다.,
287,Beads of Ruin,재앙의구슬,PASSIVE,STAT_MODIFIER,SPECIAL_DEFENSE,0.75,ALL_OTHERS,The power of the Pokemon's ruinous beads lowers the Sp. Def stats of all Pokemon except itself.,자신을 제외한 모든 포켓몬의 특수방어를 0.75배로 만든다.,
288,Orichalcum Pulse,진홍빛고동,ON_SWITCH_IN,SPECIAL_LOGIC,NONE,0,SELF,Turns the sunlight harsh when the Pokemon enters a battle. The ancient pulse thrumming through the Pokemon also boosts its Attack stat in harsh sunlight.,"등장 시 날씨를 쾌청으로 만들고, 쾌청일 때 공격이 1.33배가 된다.",
289,Hadron Engine,하드론엔진,ON_SWITCH_IN,SPECIAL_LOGIC,NONE,0,SELF,Turns the ground into Electric Terrain when the Pokemon enters a battle. The futuristic engine within the Pokemon also boosts its Sp. Atk stat on Electric Terrain.,"등장 시 필드를 일렉트릭필드로 만들고, 일렉트릭필드일 때 특공이 1.33배가 된다.",
290,Opportunist,편승,ON_FOE_STAT_UP,SPECIAL_LOGIC,NONE,0,SELF,"If an opponent's stat is boosted, the Pokemon seizes the opportunity to boost the same stat for itself.","상대의 능력치 랭크가 상승했을 때, 자신도 같은 능력치 랭크를 올린다.",
291,Cud Chew,되새김질,ON_BERRY_EAT,SPECIAL_LOGIC,NONE,0,SELF,"When the Pokemon eats a Berry, it will regurgitate that Berry at the end of the next turn and eat it one more time.",나무열매를 먹으면 다음 턴 종료 시 다시 먹는다.,
292,Sharpness,예리함,PASSIVE,DAMAGE_MODIFIER,SLICING_MOVES,1.5,SELF,Powers up slicing moves.,베는 기술의 위력이 1.5배가 된다.,
293,Supreme Overlord,총대장,ON_SWITCH_IN,SPECIAL_LOGIC,NONE,0,SELF,"When the Pokemon enters a battle, its Attack and Sp. Atk stats are slightly boosted for each of the allies in its party that have already been defeated.",기절한 아군 한 마리당 위력이 1.1배씩 증가한다.,
294,Costar,편승,ON_SWITCH_IN,SPECIAL_LOGIC,NONE,0,SELF,"When the Pokemon enters a battle, it copies an ally's stat changes.",등장 시 아군의 능력치 랭크 변화를 복사한다.,
295,Toxic Debris,독치장,ON_HIT_PHYSICAL,SPECIAL_LOGIC,NONE,0,SELF,Scatters poison spikes at the feet of the opposing team when the Pokemon takes damage from physical moves.,물리 기술을 받으면 상대 필드에 독압정을 2개 깐다.,
296,Armor Tail,테일아머,PASSIVE,SPECIAL_LOGIC,NONE,0,ALLY,The mysterious tail covering the Pokemon's head makes opponents unable to use priority moves against the Pokemon or its allies.,상대가 우선도 높은 기술을 사용하지 못하게 한다.,
297,Earth Eater,토식,ON_HIT_BY_TYPE,HEAL,GROUND,0.25,SELF,"If hit by a Ground-type move, the Pokemon has its HP restored instead of taking damage.",땅 타입 기술을 받으면 HP를 1/4 회복한다.,
298,Mycelium Might,균사의힘,PASSIVE,SPECIAL_LOGIC,NONE,0,SELF,"The Pokemon will always act more slowly when using status moves, but these moves will be unimpeded by the Ability of the target.","변화 기술이 나중에 나가지만, 상대의 특성을 무시한다.",
299,Hospitality,대접,ON_SWITCH_IN,SPECIAL_LOGIC,NONE,0,ALLY,"When the Pokemon enters a battle, it showers its ally with hospitality, restoring a small amount of the ally's HP.",등장 시 아군의 HP를 1/4 회복한다.,
300,Mind's Eye,심안,PASSIVE,SPECIAL_LOGIC,NONE,0,SELF,"The Pokemon ignores changes to opponents' evasiveness, its accuracy can't be lowered, and it can hit Ghost types with Normal- and Fighting-type moves.","자신의 명중률은 떨어지지 않으며, 상대의 회피율 랭크를 무시하고, 노말/격투 기술로 고스트 타입을 공격할 수 있다.",
301,Embody Aspect,오거폰-우물,PASSIVE,STAT_CHANGE,SPECIAL_DEFENSE,1.2,SELF,"The Pokemon's heart fills with memories, causing the Teal Mask to shine and the Pokemon's Speed stat to be boosted.",특수방어가 1.2배가 된다.,
302,Embody Aspect,오거폰-화덕,PASSIVE,STAT_CHANGE,ATTACK,1.2,SELF,"The Pokemon's heart fills with memories, causing the Hearthflame Mask to shine and the Pokemon's Attack stat to be boosted.",공격이 1.2배가 된다.,
303,Embody Aspect,오거폰-주춧돌,PASSIVE,STAT_CHANGE,DEFENSE,1.2,SELF,"The Pokemon's heart fills with memories, causing the Wellspring Mask to shine and the Pokemon's Sp. Def stat to be boosted.",방어가 1.2배가 된다.,
304,Embody Aspect,오거폰-가면,PASSIVE,STAT_CHANGE,SPEED,1.2,SELF,"The Pokemon's heart fills with memories, causing the Cornerstone Mask to shine and the Pokemon's Defense stat to be boosted.",스피드가 1.2배가 된다.,
305,Toxic Chain,독사슬,ON_MOVE_HIT,PRIMARY_STATUS,TOXIC,0.3,TARGET,The power of the Pokemon's toxic chain may badly poison any target the Pokemon hits with a move.,기술을 명중시키면 30% 확률로 상대를 맹독 상태로 만든다.,
306,Supersweet Syrup,달콤한꿀,ON_SWITCH_IN,STAT_CHANGE,EVASION,-1,ALL_FOES,"A sickly sweet scent spreads across the field the first time the Pokemon enters a battle, lowering the evasiveness of opposing Pokemon.",등장 시 상대의 회피율을 1랭크 떨어뜨린다.,
307,Tera Shift,테라체인지,ON_SWITCH_IN,SPECIAL_LOGIC,NONE,0,SELF,"When the Pokemon enters a battle, it absorbs the energy around itself and transforms into its Terastal Form.",등장 시 테라스탈폼으로 변한다.,
308,Tera Shell,테라셸,PASSIVE,SPECIAL_LOGIC,NONE,0,SELF,The Pokemon's shell contains the powers of each type. All damage-dealing moves that hit the Pokemon when its HP is full will not be very effective.,HP가 가득 차 있을 때 모든 공격을 반감으로 받는다.,
309,Teraform Zero,제로포밍,ON_SWITCH_IN,FIELD_EFFECT_NEGATE,"WEATHER,TERRAIN",0,FIELD,"When Terapagos changes into its Stellar Form, it uses its hidden powers to eliminate all effects of weather and terrain, reducing them to zero.",등장 시 날씨와 필드의 효과를 없앤다.,
310, Poison Puppeteer,독조종,ON_STATUS,VOLATILE_STATUS,CONFUSION,1,TARGET,Pokemon poisoned by Pecharunt's moves will also become confused.,독 또는 맹독 상태가 된 상대를 혼란 상태로 만든다.,
