id,name_en,name_kr,hp,attack,defense,sp_attack,sp_defense,speed,evolutionLevel,evolutionTargetId,type_1,type_2,male_ratio_pct,egg_group_1,egg_group_2,hatch_counter,ability_1,ability_2,hidden_ability,exp_group,catch_rate,base_exp_yield,ev_yield_stat_1,ev_yield_amount_1,ev_yield_stat_2,ev_yield_amount_2,ev_yield_stat_3,ev_yield_amount_3,base_friendship,category_en,category_kr,height_m,weight_kg,pokedex_entry_en,pokedex_entry_kr
1,Bulbasaur,이상해씨,45,49,49,65,65,45,16,2,GRASS,POISON,87.5,MONSTER,GRASS,20,Overgrow,NONE,Chlorophyll,MEDIUM_SLOW,45,64,SPECIAL_ATTACK,1,NONE,0,NONE,0,50,Seed Pokemon,씨앗포켓몬,0.7,6.9,There is a plant seed on its back right from the day this POKEMON is born. The seed slowly grows larger.,태어났을 때부터 등에 식물의 씨앗이 있으며 조금씩 크게 자란다.
2,Ivysaur,이상해풀,60,62,63,80,80,60,32,3,GRASS,POISON,87.5,MONSTER,GRASS,20,Overgrow,NONE,Chlorophyll,MEDIUM_SLOW,45,142,SPECIAL_ATTACK,1,SPECIAL_DEFENSE,1,NONE,0,50,Seed Pokemon,씨앗포켓몬,1,13,"There is a plant bulb on its back. When it absorbs nutrients, the bulb is said to blossom into a large flower.",꽃봉오리가 등에 붙어 있으며 양분을 흡수해가면 커다란 꽃이 핀다고 한다.
3,Venusaur,이상해꽃,80,82,83,100,100,80,0,0,GRASS,POISON,87.5,MONSTER,GRASS,20,Overgrow,NONE,Chlorophyll,MEDIUM_SLOW,45,236,SPECIAL_ATTACK,2,SPECIAL_DEFENSE,1,NONE,0,50,Seed Pokemon,씨앗포켓몬,2,100,A bewitching aroma wafts from its flower. The fragrance becalms those engaged in a battle.,꽃에서 황홀한 향기가 퍼져 나와 싸우는 자의 기분을 달래준다.
4,Charmander,파이리,39,52,43,60,50,65,16,5,FIRE,NONE,87.5,MONSTER,DRAGON,20,Blaze,NONE,Solar Power,MEDIUM_SLOW,45,62,SPEED,1,NONE,0,NONE,0,50,Lizard Pokemon,도롱뇽포켓몬,0.6,8.5,"From the time it is born, a flame burns at the tip of its tail. Its life would end if the flame were to go out.",태어날 때부터 꼬리의 불꽃이 타오르고 있다. 불꽃이 꺼지면 그 생명이 다하고 만다.
5,Charmeleon,리자드,58,64,58,80,65,80,36,6,FIRE,NONE,87.5,MONSTER,DRAGON,20,Blaze,NONE,Solar Power,MEDIUM_SLOW,45,142,SPECIAL_ATTACK,1,SPEED,1,NONE,0,50,Flame Pokemon,화염포켓몬,1.1,19,t lashes about with its tail to knock down its foe. It then tears up the fallen opponent with sharp claws.,꼬리를 휘둘러 상대를 쓰러트리고 날카로운 발톱으로 갈기갈기 찢어버린다.
6,Charizard,리자몽,78,84,78,109,85,100,0,0,FIRE,FLYING,87.5,MONSTER,DRAGON,20,Blaze,NONE,Solar Power,MEDIUM_SLOW,45,267,SPECIAL_ATTACK,3,NONE,0,NONE,0,50,Flame Pokemon,화염포켓몬,1.7,90.5,"Its wings can carry this POKEMON close to an altitude of 4,600 feet. It blows out fire at very high temperatures.",지상 1400m까지 날개를 사용해 날 수 있다. 고열의 불꽃을 내뿜는다.
7,Squirtle,꼬부기,44,48,65,50,64,43,16,8,WATER,NONE,87.5,MONSTER,WATER 1,20,Torrent,NONE,Rain Dish,MEDIUM_SLOW,45,63,DEFENSE,1,NONE,0,NONE,0,50,Tiny Turtle Pokemon,꼬마거북포켓몬,0.5,9,"When it retracts its long neck into its shell, it squirts out water with vigorous force.",기다란 목을 등껍질 속에 감춘 다음 기세 좋게 물대포를 발사한다.
8,Wartortle,어니부기,59,63,80,65,80,58,36,9,WATER,NONE,87.5,MONSTER,WATER 1,20,Torrent,NONE,Rain Dish,MEDIUM_SLOW,45,142,DEFENSE,1,SPECIAL_DEFENSE,1,NONE,0,50,Turtle Pokemon,거북포켓몬,1,22.5,This POKEMON is very popular as a pet. Its fur-covered tail is a symbol of its longevity.,애완동물로 인기가 많다. 또한 털로 덮인 꼬리는 장수(長壽)의 상징이다.
9,Blastoise,거북왕,79,83,100,85,105,78,0,0,WATER,NONE,87.5,MONSTER,WATER 1,20,Torrent,NONE,Rain Dish,MEDIUM_SLOW,45,239,SPECIAL_DEFENSE,3,NONE,0,NONE,0,50,Shellfish Pokemon,껍질포켓몬,1.6,85.5,"It crushes its foe under its heavy body to cause fainting. In a pinch, it will withdraw inside its shell.",무거운 몸으로 상대를 덮쳐서 기절시킨다. 위기에 처하면 등껍질에 숨는다.
10,Caterpie,캐터피,45,30,35,20,20,45,7,11,BUG,NONE,50,BUG,NONE,15,Shield Dust,NONE,Run Away,MEDIUM_FAST,255,39,HP,1,NONE,0,NONE,0,50,Worm Pokemon,잎벌레포켓몬,0.3,2.9,"It is covered with a green skin. When it grows, it sheds the skin, covers itself with silk, and becomes a cocoon.",녹색 피부로 덮여 있다. 탈피해서 성장하면 실을 둘러서 번데기로 변한다.
11,Metapod,단데기,50,20,55,25,25,30,10,12,BUG,NONE,50,BUG,NONE,15,Shed Skin,NONE,Shed Skin,MEDIUM_FAST,120,72,DEFENSE,2,NONE,0,NONE,0,50,Cocoon Pokemon,번데기포켓몬,0.7,9.9,"Even though it is encased in a sturdy shell, the body inside is tender. It can’t withstand a harsh attack.",단단한 껍질로 둘러싸여 있지만 안은 부드럽기 때문에 강한 공격에는 버티지 못한다.
12,Butterfree,버터플,60,45,50,90,80,70,0,0,BUG,FLYING,50,BUG,NONE,15,Compound Eyes,NONE,Tinted Lens,MEDIUM_FAST,45,178,SPECIAL_ATTACK,2,SPECIAL_DEFENSE,1,NONE,0,50,Butterfly Pokemon,나비 포켓몬,1.1,32,"The wings are protected by rain-repellent dust. As a result, this POKEMON can fly about even in rain.",물을 튕겨내는 가루가 날개를 보호하고 있다. 비가 오는 날에도 하늘을 날 수 있다.
13,Weedle,뿔충이,40,35,30,20,20,50,7,14,BUG,POISON,50,BUG,NONE,15,Shield Dust,NONE,Run Away,MEDIUM_FAST,255,39,SPEED,1,NONE,0,NONE,0,50,Hairy Bug Pokemon,송충이포켓몬,0.3,3.2,"Often found in forests and grasslands. It has a sharp, toxic barb of around two inches on top of its head.",숲이나 풀밭에 많이 서식한다. 머리끝에 5㎝ 정도의 작고 날카로운 독침을 지니고 있다.
14,Kakuna,딱충이,45,25,50,25,25,35,10,15,BUG,POISON,50,BUG,NONE,15,Shed Skin,NONE,Shed Skin,MEDIUM_FAST,120,72,DEFENSE,2,NONE,0,NONE,0,50,Cocoon Pokemon,번데기포켓몬,0.6,10,This POKEMON is in a temporary stage while making its body. It is almost completely unable to move on its own.,성체의 몸을 만들기 위해서 일시적인 상태. 스스로 거의 움직이지 않는다.
15,Beedrill,독침붕,65,90,40,45,80,75,0,0,BUG,POISON,50,BUG,NONE,15,Swarm,NONE,Sniper,MEDIUM_FAST,45,178,ATTACK,2,SPECIAL_DEFENSE,1,NONE,0,50,Poison Bee Pokemon,독벌포켓몬,1,29.5,"May appear in a swarm. Flies at violent speeds, all the while stabbing with the toxic stinger on its rear.",집단으로 나타나기도 한다. 맹렬한 스피드로 날아 엉덩이의 독침으로 마구 찌른다.
16,Pidgey,구구,40,45,40,35,35,56,18,17,NORMAL,FLYING,50,FLYING,NONE,15,Keen Eye,Tangled Feet,Big Pecks,MEDIUM_SLOW,255,50,SPEED,1,NONE,0,NONE,0,50,Tiny Bird Pokemon,아기새포켓몬,0.3,1.8,"Does not like to fight. It hides in tall grass and so on, foraging for food such as small bugs.",싸움은 좋아하지 않는다. 풀숲 안에 숨어 작은 벌레 등을 잡는다.
17,Pidgeotto,피죤,63,60,55,50,50,71,36,18,NORMAL,FLYING,50,FLYING,NONE,15,Keen Eye,Tangled Feet,Big Pecks,MEDIUM_SLOW,120,122,SPEED,2,NONE,0,NONE,0,50,Bird Pokemon,새포켓몬,1.1,30,The claws on its feet are well developed. It can carry prey such as an EXEGGCUTE to its nest over 60 miles away.,발톱이 발달해 있다. 먹이인 아라리를 잡아 100km 떨어져 있는 둥지까지 나른다.
18,Pidgeot,피죤투,83,80,75,70,70,101,0,0,NORMAL,FLYING,50,FLYING,NONE,15,Keen Eye,Tangled Feet,Big Pecks,MEDIUM_SLOW,45,216,SPEED,3,NONE,0,NONE,0,50,Bird Pokemon,새포켓몬,1.5,39.5,It spreads its gorgeous wings widely to intimidate enemies. It races through the skies at Mach-2 speed.,아름다운 날개를 펼쳐 상대를 위협한다. 마하 2로 하늘을 날아다닌다.
19,Rattata,꼬렛,30,56,35,25,35,72,20,20,NORMAL,NONE,50,FIELD,NONE,15,Run Away,Guts,Hustle,MEDIUM_FAST,255,51,SPEED,1,NONE,0,NONE,0,50,Mouse Pokemon,쥐포켓몬,0.3,3.5,"Its fangs are long and very sharp. They grow continuously, so it gnaws on hard things to whittle them down.",송곳니는 길고 날카롭다. 평생 계속 뻗어나가서 단단한 것을 깎는다.
20,Raticate,레트라,55,81,60,50,70,97,0,0,NORMAL,NONE,50,FIELD,NONE,15,Run Away,Guts,Hustle,MEDIUM_FAST,127,145,SPEED,2,NONE,0,NONE,0,50,Mouse Pokemon,쥐포켓몬,0.7,18.5,"Its rear feet have three toes each. They are webbed, enabling it to swim across rivers.",뒷발가락은 3개로 작은 물갈퀴가 달려 있다. 강을 헤엄쳐 건넌다.
21,Spearow,깨비참,40,60,30,31,31,70,20,22,NORMAL,FLYING,50,FLYING,NONE,15,Keen Eye,NONE,Sniper,MEDIUM_FAST,255,52,SPEED,1,NONE,0,NONE,0,50,Tiny Bird Pokemon,아기새포켓몬,0.3,2,"It busily flits around here and there. Even if it is frail, it can be a tough foe that uses MIRROR MOVE.",바쁘게 여기저기를 날아다닌다. 체력은 적지만 따라하기를 쓰면 만만치 않다.
22,Fearow,깨비드릴조,65,90,65,61,61,100,0,0,NORMAL,FLYING,50,FLYING,NONE,15,Keen Eye,NONE,Sniper,MEDIUM_FAST,90,155,SPEED,2,NONE,0,NONE,0,50,Beak Pokemon,부리포켓몬,1.2,38,Its huge and magnificent wings can keep it aloft in the sky. It can remain flying a whole day without landing.,커다란 날개로 넓은 하늘을 계속 날 수 있다. 한 번도 내려앉지 않아도 괜찮다.
23,Ekans,아보,35,60,44,40,54,55,22,24,POISON,NONE,50,FIELD,DRAGON,20,Intimidate,Shed Skin,Unnerve,MEDIUM_FAST,255,58,ATTACK,1,NONE,0,NONE,0,50,Snake Pokemon,뱀포켓몬,2,6.9,"A very common sight in grassland, etc. It flicks its tongue in and out to sense danger in its surroundings.",풀밭 등에 많이 서식한다. 혀를 낼름낼름거리며 주위의 위험을 감지한다.
24,Arbok,아보크,60,95,69,65,79,80,0,0,POISON,NONE,50,FIELD,DRAGON,20,Intimidate,Shed Skin,Unnerve,MEDIUM_FAST,90,157,ATTACK,2,NONE,0,NONE,0,50,Cobra Pokemon,코브라포켓몬,3.5,65,The pattern on its belly appears to be a frightening face. Weak foes will flee just at the sight of the pattern.,배의 무늬가 무서운 얼굴로 보인다. 약한 적은 그 무늬만 보고도 도망치고 만다.
25,Pikachu,피카츄,35,55,40,50,50,90,0,26,ELECTRIC,NONE,50,FIELD,FAIRY,10,Static,NONE,Lightning Rod,MEDIUM_FAST,190,112,SPEED,2,NONE,0,NONE,0,50,Mouse Pokemon,쥐포켓몬,0.4,6,"It has small electric sacs on both its cheeks. If threatened, it looses electric charges from the sacs.",뺨의 양쪽에 작은 전기 주머니가 있다. 위기 상황일 때 방전한다.
26,Raichu,라이츄,60,90,55,90,80,110,0,0,ELECTRIC,NONE,50,FIELD,FAIRY,10,Static,NONE,Lightning Rod,MEDIUM_FAST,75,243,SPEED,3,NONE,0,NONE,0,50,Mouse Pokemon,쥐포켓몬,0.8,30,"Its electric charges can reach even 100,000 volts. Careless contact can cause even an Indian elephant to faint.",전격은 10만 볼트에 이르기도 해서 잘못 만지면 인도코끼리라도 기절한다.
27,Sandshrew,모래두지,50,75,85,20,30,40,22,28,GROUND,NONE,50,FIELD,NONE,20,Sand Veil,NONE,Sand Rush,MEDIUM_FAST,255,60,DEFENSE,1,NONE,0,NONE,0,50,Mouse Pokemon,쥐포켓몬,0.6,12,"It burrows and lives underground. If threatened, it curls itself up into a ball for protection.",지면에 구멍을 파고 산다. 자신에게 위험이 닥쳐오면 둥글게 말아서 몸을 보호한다.
28,Sandslash,고지,75,100,110,45,55,65,0,0,GROUND,NONE,50,FIELD,NONE,20,Sand Veil,NONE,Sand Rush,MEDIUM_FAST,90,158,DEFENSE,2,NONE,0,NONE,0,50,Mouse Pokemon,쥐포켓몬,1,29.5,It is adept at attacking with the spines on its back and its sharp claws while quickly scurrying about.,엄청 빠르게 달리고 돌며 등의 가시와 날카로운 손톱을 쓴 공격이 특기.
29,Nidoran♀,니드런♀,55,47,52,40,40,441,16,30,POISON,NONE,0,MONSTER,FIELD,20,Poison Point,Rivalry,Hustle,MEDIUM_SLOW,235,55,HP,1,NONE,0,NONE,0,50,Poison Pin Pokemon,독침포켓몬,0.4,7,"Though small, it must be treated with caution because of its powerfully toxic barbs. The female has smaller horns.",작아도 독바늘의 위력은 강렬하므로 주의가 필요. 암컷은 뿔이 작다.
30,Nidorina,니드리나,70,62,67,55,55,56,0,31,POISON,NONE,0,NONE,NONE,20,Poison Point,Rivalry,Hustle,MEDIUM_SLOW,120,128,HP,2,NONE,0,NONE,0,50,Poison Pin Pokemon,독침포켓몬,0.8,20,The female has a gentle temperament. It emits ultrasonic cries that have the power to befuddle foes.,암컷으로 성격은 온화하다. 입에서 내는 초음파는 상대를 혼란시키는 힘이 있다.
31,Nidoqueen,니드퀸,90,92,87,75,85,76,0,0,POISON,GROUND,0,NONE,NONE,20,Poison Point,Rivalry,Sheer Force,MEDIUM_SLOW,45,227,HP,3,NONE,0,NONE,0,50,Drill Pokemon,드릴포켓몬,1.3,60,"The body is covered by stiff, needle-like scales. If it becomes excited, the needles bristle outwards.",단단하고 바늘과 같은 비늘이 몸을 뒤덮고 있다. 흥분하면 바늘이 곤두선다.
32,Nidoran♂,니드런♂,46,57,40,40,40,50,16,33,POISON,NONE,100,MONSTER,FIELD,20,Poison Point,Rivalry,Hustle,MEDIUM_SLOW,235,55,ATTACK,1,NONE,0,NONE,0,50,Poison Pin Pokemon,독침포켓몬,0.5,9,Its large ears are flapped like wings when it is listening to distant sounds. It extends toxic barbs when angered.,귀가 커서 먼 곳의 소리를 들을 때 날개 치듯 움직인다. 화나면 독침을 쏜다.
33,Nidorino,니드리노,61,72,57,55,55,65,0,34,POISON,NONE,100,MONSTER,FIELD,20,Poison Point,Rivalry,Hustle,MEDIUM_SLOW,120,128,ATTACK,2,NONE,0,NONE,0,50,Poison Pin Pokemon,독침포켓몬,0.9,19.5,"It is easily angered. By swinging its well-developed horn wildly, it can even punch through diamond.",쉽게 화내는 성격. 발달한 뿔을 써서 다이아몬드도 꿰뚫어버린다.
34,Nidoking,니드킹,81,102,77,85,75,85,0,0,POISON,GROUND,100,MONSTER,FIELD,20,Poison Point,Rivalry,Sheer Force,MEDIUM_SLOW,45,227,ATTACK,3,NONE,0,NONE,0,50,Drill Pokemon,드릴포켓몬,1.4,62,It is recognized by its rock-hard hide and its extended horn. Be careful with the horn as it contains venom.,돌처럼 딱딱한 피부와 길게 뻗은 뿔이 특징이다. 뿔에는 독이 있으니 주의해야 한다.
35,Clefairy,삐삐,70,45,48,60,65,35,0,36,FAIRY,NONE,25,FAIRY,NONE,10,Cute Charm,Magic Guard,Friend Guard,FAST,150,113,HP,2,NONE,0,NONE,0,140,Fairy Pokemon,요정포켓몬,0.6,7.5,"Its adorable appearance makes it popular as a pet. However, it is rare and difficult to find.",깜찍한 모습에 의해 펫으로 인기가 있다. 단 좀처럼 발견되지 않는다.
36,Clefable,픽시,95,70,73,95,90,60,0,0,FAIRY,NONE,25,FAIRY,NONE,10,Cute Charm,Magic Guard,Unaware,FAST,25,217,HP,3,NONE,0,NONE,0,140,Fairy Pokemon,요정포켓몬,1.3,40,"It has an acute sense of hearing. It can easily hear a pin being dropped nearly 1,100 yards away.",귀가 좋아서 1km 떨어진 곳에서 떨어진 바늘 소리를 훌륭하게 구별한다고 한다.
37,Vulpix,식스테일,38,41,40,50,65,65,0,38,FIRE,NONE,25,FIELD,NONE,20,Flash Fire,NONE,Drought,MEDIUM_FAST,190,60,SPEED,1,NONE,0,NONE,0,50,Fox Pokemon,여우포켓몬,0.6,9.9,"While young, it has six gorgeous tails. When it grows, several new tails are sprouted.",어리지만 6개의 꼬리가 아름답다. 성장하면 한층 꼬리 수가 늘어난다.
38,Ninetales,나인테일,73,76,75,81,100,100,0,0,FIRE,NONE,25,FIELD,NONE,20,Flash Fire,NONE,Drought,MEDIUM_FAST,75,177,SPECIAL_DEFENSE,1,SPEED,1,NONE,0,50,Fox Pokemon,여우포켓몬,1.1,19.9,"It has nine long tails and fur that gleams gold. It is said to live for 1,000 years.",금빛으로 빛나는 털과 9개의 긴 꼬리를 지녔다. 1000년을 산다고 한다.
39,Jigglypuff,푸린,115,45,20,45,25,20,0,40,NORMAL,FAIRY,25,FAIRY,NONE,10,Cute Charm,Competitive,Friend Guard,FAST,170,95,HP,2,NONE,0,NONE,0,50,Balloon Pokemon,풍선포켓몬,0.5,5.5,"It captivates foes with its huge, round eyes, then lulls them to sleep by singing a soothing melody.",동그랗고 커다란 눈동자로 유인하고 기분 좋은 노래를 불러 상대를 잠들게 한다.
40,Wigglytuff,푸크린,140,70,45,85,50,45,0,0,NORMAL,FAIRY,25,FAIRY,NONE,10,Cute Charm,Competitive,Frisk,FAST,50,218,HP,3,NONE,0,NONE,0,50,Balloon Pokemon,풍선포켓몬,1,12,"Its fur is extremely fine, dense, and supple. The exquisitely pleasant fur conveys an image of luxury.",세밀하고 보들보들한 털은 황홀해질 정도. 털가죽은 고급품이다.
41,Zubat,주뱃,40,45,35,30,40,55,22,42,POISON,FLYING,50,FLYING,NONE,15,Inner Focus,NONE,Infiltrator,MEDIUM_FAST,255,49,SPEED,1,NONE,0,NONE,0,50,Bat Pokemon,박쥐포켓몬,0.8,7.5,"It has no eyes. Instead, it relies on its ultrasonic cries for echo location to flit about in darkness.",양쪽 눈이 존재하지 않는다. 입에서 초음파를 내어 어둠 속을 날아다닌다.
42,Golbat,골뱃,75,80,70,65,75,90,0,0,POISON,FLYING,50,FLYING,NONE,15,Inner Focus,NONE,Infiltrator,MEDIUM_FAST,90,159,SPEED,2,NONE,0,NONE,0,50,Bat Pokemon,박쥐포켓몬,1.6,55,It clamps down on its prey with needle-sharp fangs and drains over 10 ounces of blood in one gulp.,에리한 이빨로 물어뜯어 한번에 300cc의 피를 빨아들여 버린다.
43,Oddish,뚜벅쵸,45,50,55,75,65,30,21,44,GRASS,POISON,50,GRASS,NONE,20,Chlorophyll,NONE,Run Away,MEDIUM_SLOW,255,64,SPECIAL_ATTACK,1,NONE,0,NONE,0,50,Weed Pokemon,잡초포켓몬,0.5,5.4,"Its scientific name is “Oddium Wanderus.” At night, it is said to walk nearly 1,000 feet on its two roots.",별명 아르키멘데스. 밤이 되면 2개의 뿌리로 300m나 걷는다고 한다.
44,Gloom,냄새꼬,60,65,70,85,75,40,0,45,GRASS,POISON,50,GRASS,NONE,20,Chlorophyll,NONE,Stench,MEDIUM_SLOW,120,138,SPECIAL_ATTACK,2,NONE,0,NONE,0,50,Weed Pokemon,잡초포켓몬,0.8,8.6,Its pistils exude an incredibly foul odor. The horrid stench can cause fainting at a distance of 1.25 miles.,암꽃술이 내뿜는 터무니없이 고약한 냄새는 2km 앞까지 닿아 까무러치게 한다.
45,Vileplume,라플레시아,75,80,85,110,90,50,0,0,GRASS,POISON,50,GRASS,NONE,20,Chlorophyll,NONE,Effect Spore,MEDIUM_SLOW,45,221,SPECIAL_ATTACK,3,NONE,0,NONE,0,50,Flower Pokemon,꽃포켓몬,1.2,18.5,Its petals are the largest in the world. It fiendishly scatters allergy-causing pollen from its petals.,세계에서 제일 큰 꽃잎에서 알레르기를 일으키는 꽃가루를 악마처럼 뿌려댄다.
46,Paras,파라스,35,70,55,45,55,25,24,47,BUG,GRASS,50,BUG,GRASS,20,Effect Spore,Dry Skin,Damp,MEDIUM_FAST,190,57,ATTACK,1,NONE,0,NONE,0,50,Mushroom Pokemon,버섯포켓몬,0.3,5.4,Growing out of the bug’s back are mushrooms called tochukaso. The mushrooms grow with the bug host.,벌레의 등에 돋아나 있는 것은 동충하초라는 버섯이다. 성장하면 버섯도 커진다.
47,Parasect,파라섹트,60,95,80,60,80,30,0,0,BUG,GRASS,50,BUG,GRASS,20,Effect Spore,Dry Skin,Damp,MEDIUM_FAST,75,142,ATTACK,2,DEFENSE,1,NONE,0,50,Mushroom Pokemon,버섯포켓몬,1,29.5,"It scatters toxic spores from the mushroom cap. In China, the spores are used as herbal medicine.",버섯 삿갓에서 독 포자를 흩뿌린다. 하지만 중국에서는 이 포자를 한방약으로 쓴다.
48,Venonat,콘팡,60,55,50,40,55,45,31,49,BUG,POISON,50,BUG,NONE,20,Compound Eyes,Tinted Lens,Run Away,MEDIUM_FAST,190,61,SPECIAL_DEFENSE,1,NONE,0,NONE,0,50,Insect Pokemon,곤충포켓몬,1,30,"Its eyes act as radar, enabling it to be active in darkness. The eyes can also shoot powerful beams.",어두운 밤에도 눈이 레이더 역할을 해서 활동할 수 있다. 눈에서 빔을 발사한다.
49,Venomoth,도나리,70,65,60,90,75,90,0,0,BUG,POISON,50,BUG,NONE,20,Shield Dust,Tinted Lens,Wonder Skin,MEDIUM_FAST,75,158,SPECIAL_ATTACK,1,SPEED,1,NONE,0,50,Poison Moth Pokemon,독나방포켓몬,1.5,12.5,"The wings are covered with dustlike scales. Every time it flaps its wings, it looses highly toxic dust.",날개에 가루가 묻어 있어 팔락팔락 날갯짓을 할 때마다 맹독 가루를 흩뿌린다.
50,Diglett,디그다,10,55,25,35,45,95,26,51,GROUND,NONE,50,FIELD,NONE,20,Sand Veil,Arena Trap,Sand Force,MEDIUM_FAST,255,53,SPEED,1,NONE,0,NONE,0,50,Mole Pokemon,두더지포켓몬,0.2,0.8,"It burrows through the ground at a shallow depth. It leaves raised earth in its wake, making it easy to spot.",얕은 땅속을 이동한다. 굴을 파며 다닌 곳은 지면이 솟아 있기 때문에 바로 알 수 있다.
51,Dugtrio,닥트리오,35,100,50,50,70,120,0,0,GROUND,NONE,50,FIELD,NONE,20,Sand Veil,Arena Trap,Sand Force,MEDIUM_FAST,50,149,SPEED,2,NONE,0,NONE,0,50,Mole Pokemon,두더지포켓몬,0.7,33.3,"In battle, it digs through the ground and strikes the unsuspecting foe from an unexpected direction.",땅속을 파고들어 가 상대가 방심하고 있을 때 다른 곳에서 공격한다.
52,Meowth,나옹,40,45,35,40,40,90,28,53,NORMAL,NONE,50,FIELD,NONE,20,Pickup,Technician,Unnerve,MEDIUM_FAST,255,58,SPEED,1,NONE,0,NONE,0,50,Scratch Cat Pokemon,요괴고양이포켓몬,0.4,4.2,"All it does is sleep during the daytime. At night, it patrols its territory with its eyes aglow.",낮에는 거의 잠만 잔다. 밤이 되면 눈이 빛나며 자신의 영역을 걸어다닌다.
53,Persian,페르시온,65,70,60,65,65,115,0,0,NORMAL,NONE,50,FIELD,NONE,20,Limber,Technician,Unnerve,MEDIUM_FAST,90,154,SPEED,2,NONE,0,NONE,0,50,Classy Cat Pokemon,샴고양이포켓몬,1,32,Has a vicious temperament. Beware if it raises its tail straight up. It is a signal that it is about to pounce and bite.,성질이 거칠고 꼬리를 똑바로 세웠다면 주의해야 한다. 달려들어 물어뜯을 조짐이다.
54,Psyduck,고라파덕,50,52,48,65,50,55,33,55,WATER,NONE,50,WATER 1,FIELD,20,Damp,Cloud Nine,Swift Swim,MEDIUM_FAST,190,64,SPECIAL_ATTACK,1,NONE,0,NONE,0,50,Duck Pokemon,오리포켓몬,0.85,19.6,"It is constantly wracked by a headache. When the headache turns intense, it begins using mysterious powers.",항상 두통에 시달리고 있다. 이 두통이 심해지면 이상한 힘을 쓰기 시작한다.
55,Golduck,골덕,80,82,78,95,80,85,0,0,WATER,NONE,50,WATER 1,FIELD,20,Damp,Cloud Nine,Swift Swim,MEDIUM_FAST,75,175,SPECIAL_ATTACK,2,NONE,0,NONE,0,50,Duck Pokemon,오리포켓몬,1.7,76.6,"The forelegs are webbed, helping to make it an adept swimmer. It can be seen swimming elegantly in lakes, etc.",손바닥이 물갈퀴로 되어 있어 헤엄을 잘 친다. 호수 등에서 우아한 모습을 볼 수 있다.
56,Mankey,망키,40,80,35,35,45,70,28,57,FIGHTING,NONE,50,FIELD,NONE,20,Vital Spirit,Anger Point,Defiant,MEDIUM_FAST,190,61,ATTACK,1,NONE,0,NONE,0,50,Pig Monkey Pokemon,돈숭이포켓몬,0.5,28,"Light and agile on its feet, and ferocious in temperament. When angered, it flies into an uncontrollable frenzy.",몸놀림이 가볍고 난폭한 성격. 화가 나서 날뛰기 시작하면 손쓸 방도가 없게 된다.
57,Primeape,성원숭,65,105,60,60,70,95,0,0,FIGHTING,NONE,50,FIELD,NONE,20,Vital Spirit,Anger Point,Defiant,MEDIUM_FAST,75,159,ATTACK,2,NONE,0,NONE,0,50,Pig Monkey Pokemon,돈숭이포켓몬,1,32,"It is always outrageously furious. If it gives chase, it will tenaciously track the target no matter how far.","언제나 굉장히 화가 나 있으며, 아무리 도망쳐도 계속 쫓아온다."
58,Growlithe,가디,55,70,45,70,50,60,0,59,FIRE,NONE,75,FIELD,NONE,20,Intimidate,Flash Fire,Justified,SLOW,190,70,ATTACK,1,NONE,0,NONE,0,50,Puppy Pokemon,강아지포켓몬,0.7,19,Very friendly and faithful to people. It will try to repel enemies by barking and biting.,사람을 잘 따르는 충실한 성격이다. 적에게는 짖거나 물며 쫓아내려고 한다.
59,Arcanine,윈디,90,110,80,100,80,95,0,0,FIRE,NONE,75,FIELD,NONE,20,Intimidate,Flash Fire,Justified,SLOW,75,194,ATTACK,2,NONE,0,NONE,0,50,Legendary Pokemon,전설포켓몬,1.9,155,A POKEMON that is described in Chinese legends. It is said to race at an unbelievable speed.,중국에 전해지는 전설의 포켓몬. 굉장한 스피드로 달린다고 한다.
60,Poliwag,발챙이,40,50,40,40,40,90,25,61,WATER,NONE,50,WATER 1,NONE,20,Water Absorb,Damp,Swift Swim,MEDIUM_SLOW,255,60,SPEED,1,NONE,0,NONE,0,50,Tadpole Pokemon,올챙이포켓몬,0.6,12.4,Its slick black skin is thin and damp. A part of its internal organs can be seen through the skin as a spiral pattern.,매끄럽고 검은 피부는 얇고 축축하다. 내장 일부가 비쳐서 소용돌이 모양으로 보인다.
61,Poliwhirl,슈륙챙이,65,65,65,50,50,90,0,62,WATER,NONE,50,WATER 1,NONE,20,Water Absorb,Damp,Swift Swim,MEDIUM_SLOW,120,135,SPEED,2,NONE,0,NONE,0,50,Tadpole Pokemon,올챙이포켓몬,1,20,"Its two legs are well developed. Even though it can live on the ground, it prefers living in water.",두 다리가 발달하여 지상에서 살 수 있는데도 어째서인지 수중 생활을 좋아한다.
62,Poliwrath,강챙이,90,95,95,70,90,70,0,0,WATER,FIGHTING,50,WATER 1,NONE,20,Water Absorb,Damp,Swift Swim,MEDIUM_SLOW,45,230,DEFENSE,3,NONE,0,NONE,0,50,Tadpole Pokemon,올챙이포켓몬,1.3,54,"An adept swimmer, it knows the front crawl, butterfly, and more. It is faster than the best human swimmers.",수영이 특기로 크롤이나 접영이 가능하다. 올림픽 선수도 이길 수 없을 만큼 빠르다.
63,Abra,캐이시,25,20,15,105,55,90,16,64,PSYCHIC,NONE,75,HUMAN-LIKE,NONE,20,Synchronize,Inner Focus,Magic Guard,MEDIUM_SLOW,200,62,SPECIAL_ATTACK,1,NONE,0,NONE,0,50,Psi Pokemon,초능력포켓몬,0.9,19.5,It sleeps for 18 hours a day. It uses a variety of extrasensory powers even while asleep.,하루에 18시간은 자고 있다. 자는 동안에도 다양한 초능력을 사용한다.
64,Kadabra,윤겔라,40,35,30,120,70,105,0,65,PSYCHIC,NONE,75,HUMAN-LIKE,NONE,20,Synchronize,Inner Focus,Magic Guard,MEDIUM_SLOW,100,140,SPECIAL_ATTACK,2,NONE,0,NONE,0,50,Psi Pokemon,초능력포켓몬,1.3,56.5,It happened one morning - a boy with extrasensory powers awoke in bed transformed into KADABRA.,어느 날 아침. 초능력 소년이 침대에서 일어나 보니 윤겔라로 변해 있었다.
65,Alakazam,후딘,55,50,45,135,95,120,0,0,PSYCHIC,NONE,75,HUMAN-LIKE,NONE,20,Synchronize,Inner Focus,Magic Guard,MEDIUM_SLOW,50,225,SPECIAL_ATTACK,3,NONE,0,NONE,0,50,Psi Pokemon,초능력포켓몬,1.5,48,"It does not like physical attacks very much. Instead, it freely uses extrasensory powers to defeat foes.",물리 기술을 사용하길 꺼리는 대신 초능력을 자유자재로 구사해 상대를 쓰러뜨린다.
66,Machop,알통몬,70,80,50,35,35,35,28,67,FIGHTING,NONE,75,HUMAN-LIKE,NONE,20,Guts,No Guard,Steadfast,MEDIUM_SLOW,180,61,ATTACK,1,NONE,0,NONE,0,50,Superpower Pokemon,괴력포켓몬,0.8,19.5,"Its whole body is composed of muscles. Even though it’s the size of a human child, it can hurl 100 grown-ups.",몸집은 어린아이만 하지만 온몸이 근육으로 되어 있어서 어른 100명은 날려 버릴 수 있다.
67,Machoke,근육몬,80,100,70,50,60,45,0,68,FIGHTING,NONE,75,HUMAN-LIKE,NONE,20,Guts,No Guard,Steadfast,MEDIUM_SLOW,90,142,ATTACK,2,NONE,0,NONE,0,50,Superpower Pokemon,괴력포켓몬,1.5,70.5,Its formidable body never gets tired. It helps people by doing work such as the moving of heavy goods.,지칠 줄 모르는 강인한 육체를 가졌다. 무거운 짐 운반하기 등의 일을 돕는다.
68,Machamp,괴력몬,90,130,80,65,85,55,0,0,FIGHTING,NONE,75,HUMAN-LIKE,NONE,20,Guts,No Guard,Steadfast,MEDIUM_SLOW,45,227,ATTACK,3,NONE,0,NONE,0,50,Superpower Pokemon,괴력포켓몬,1.6,130,"Its four ruggedly developed arms can launch a flurry of 1,000 punches in just two seconds.",발달한 4개의 팔은 2초 동안 1000번의 펀치를 날릴 수 있다.
69,Bellsprout,모다피,50,75,35,70,30,40,21,70,GRASS,POISON,50,GRASS,NONE,20,Chlorophyll,NONE,Gluttony,MEDIUM_SLOW,255,60,ATTACK,1,NONE,0,NONE,0,50,Flower Pokemon,꽃포켓몬,0.7,4,"Its bud looks like a human face. Because of the bud, it is rumored to be a type of legendary mandrake plant.",사람 얼굴 같은 봉오리 때문에 전설의 꽃 만드라고라의 일종이 아닐까 하는 소문이 돌고 있다.
70,Weepinbell,우츠동,65,90,50,85,45,55,0,71,GRASS,POISON,50,GRASS,NONE,20,Chlorophyll,NONE,Gluttony,MEDIUM_SLOW,120,137,ATTACK,2,NONE,0,NONE,0,50,Flycatcher Pokemon,파리잡이포켓몬,1,6.4,The leafy parts act as cutters for slashing foes. It spits a fluid that dissolves everything.,잎사귀 부분은 칼날이 되어 상대를 베어버린다. 입에서는 무엇이든 녹이는 액체를 뿜어낸다.
71,Victreebel,우츠보트,80,105,65,100,70,70,0,0,GRASS,POISON,50,GRASS,NONE,20,Chlorophyll,NONE,Gluttony,MEDIUM_SLOW,45,221,ATTACK,3,NONE,0,NONE,0,50,Flycatcher Pokemon,파리잡이포켓몬,1.7,15.5,Lures prey into its mouth with a honeylike aroma. The helpless prey is melted with a dissolving fluid.,꿀 같은 향기에 꾀어 입 안으로 들어가면 끝장. 용해액에 녹아버린다.
72,Tentacool,왕눈해,40,40,35,50,100,70,30,73,WATER,POISON,50,WATER 3,NONE,20,Clear Body,Liquid Ooze,Rain Dish,SLOW,190,67,SPECIAL_DEFENSE,1,NONE,0,NONE,0,50,Jellyfish Pokemon,해파리포켓몬,0.9,45.5,"Its eyes are as transparent as crystals. From them, it shoots mysterious beams of light.",수정처럼 투명한 눈알에서 이상하게 빛나는 빔을 발사한다.
73,Tentacruel,독파리,80,70,65,80,120,100,0,0,WATER,POISON,50,WATER 3,NONE,20,Clear Body,Liquid Ooze,Rain Dish,SLOW,60,180,SPECIAL_DEFENSE,2,NONE,0,NONE,0,50,Jellyfish Pokemon,해파리포켓몬,1.6,55,"It has 80 tentacles that move about freely. They can sting, causing poisoning and sharp, stabbing pain.",80개의 촉수가 자유롭게 움직인다. 쏘이면 독에 걸려 날카로운 고통이 닥친다.
74,Geodude,꼬마돌,40,80,100,30,30,20,25,75,ROCK,GROUND,50,MINERAL,NONE,15,Rock Head,Sturdy,Sand Veil,MEDIUM_SLOW,255,60,DEFENSE,1,NONE,0,NONE,0,50,Rock Pokemon,암석포켓몬,0.4,20,Its round form makes it easy to pick up. Some people have used them to hurl at each other in a snowball fight.,둥글어서 들기 쉬우므로 붙잡아 상대에게 내던지는 꼬마돌 싸움이 가능하다.
75,Graveler,데구리,55,95,115,45,45,35,0,76,ROCK,GROUND,50,MINERAL,NONE,15,Rock Head,Sturdy,Sand Veil,MEDIUM_SLOW,120,137,DEFENSE,2,NONE,0,NONE,0,50,Rock Pokemon,암석포켓몬,1,105,Be careful while hiking on mountain trails. GRAVELER may come rolling down the path without slowing.,산 속의 언덕길을 걷고 있으면 데구리가 굴러오는 때가 있다.
76,Golem,딱구리,80,120,130,55,65,45,0,0,ROCK,GROUND,50,MINERAL,NONE,15,Rock Head,Sturdy,Sand Veil,MEDIUM_SLOW,45,223,DEFENSE,3,NONE,0,NONE,0,50,Megaton Pokemon,메가톤포켓몬,1.4,300,It is enclosed in a hard shell that is as rugged as slabs of rock. It sheds skin once a year to grow larger.,암반처럼 단단한 껍질로 덮였다. 1년에 1번 탈피해서 커진다.
77,Ponyta,포니타,50,85,55,65,65,90,40,78,FIRE,NONE,50,FIELD,NONE,20,Run Away,Flash Fire,Flame Body,MEDIUM_FAST,190,82,SPEED,1,NONE,0,NONE,0,50,Fire Horse Pokemon,불의말포켓몬,1,30,"Its body is light, and its legs are incredibly powerful. It can clear Ayers Rock in one leap.",몸이 가볍고 다리의 힘이 매우 굉장하다. 1번 점프해서 도쿄 타워도 뛰어넘는다.
78,Rapidash,날쌩마,65,100,70,80,80,105,0,0,FIRE,NONE,50,FIELD,NONE,20,Run Away,Flash Fire,Flame Body,MEDIUM_FAST,60,175,SPEED,2,NONE,0,NONE,0,50,Fire Horse Pokemon,불의말포켓몬,1.7,95,It can gallop at a top speed of 150 miles per hour. It can race as fast as a bullet train while ablaze.,시속은 최고 240km. 활활 타면서 신칸센과 똑같은 스피드로 앞지른다.
79,Slowpoke,야돈,90,65,65,40,40,15,37,80,WATER,PSYCHIC,50,MONSTER,WATER 1,20,Oblivious,Own Tempo,Regenerator,MEDIUM_SLOW,190,63,HP,1,NONE,0,NONE,0,50,Dopey Pokemon,얼간이포켓몬,1.2,36,"It is always vacantly lost in thought, but no one knows what it is thinking about. It is good at fishing with its tail.",항상 멍하니 있어서 무슨 생각을 하고 있는지 알 수 없다. 꼬리로 먹이를 낚는 것이 특기다.
80,Slowbro,야도란,95,75,110,100,80,30,0,0,WATER,PSYCHIC,50,MONSTER,WATER 1,20,Oblivious,Own Tempo,Regenerator,MEDIUM_SLOW,75,172,DEFENSE,2,NONE,0,NONE,0,50,Hermit Crab Pokemon,기생포켓몬,1.6,78.5,"When a SLOWPOKE went hunting in the sea, its tail was bitten by a SHELLDER. That made it evolve into SLOWBRO.",야돈이 바다로 먹이를 잡으러 갔다가 셀러에게 꼬리를 물려 야도란이 되었다.
81,Magnemite,코일,25,35,70,95,55,45,30,82,ELECTRIC,STEEL,-1,MINERAL,NONE,20,Magnet Pull,Sturdy,Analytic,MEDIUM_FAST,190,65,SPECIAL_ATTACK,1,NONE,0,NONE,0,50,Magnet Pokemon,자석포켓몬,0.3,6,It moves while constantly hovering. It discharges THUNDER WAVE and so on from the units at its sides.,공중에 뜬 채로 이동하여 좌우의 유닛에서 전기자석파를 방사한다.
82,Magneton,레어코일,50,60,95,120,70,70,0,0,ELECTRIC,STEEL,-1,MINERAL,NONE,20,Magnet Pull,Sturdy,Analytic,MEDIUM_FAST,60,163,SPECIAL_ATTACK,2,NONE,0,NONE,0,50,Magnet Pokemon,자석포켓몬,1,60,A linked cluster formed of several MAGNEMITE. It discharges powerful magnetic waves at high voltage.,다수의 코일이 연결되어 강력한 자기장과 높은 전압을 방사한다.
83,Farfetch'd,파오리,52,90,55,58,62,60,0,0,NORMAL,FLYING,50,FLYING,FIELD,20,Keen Eye,Inner Focus,Defiant,MEDIUM_FAST,45,132,ATTACK,1,NONE,0,NONE,0,50,Wild Duck Pokemon,청둥오리포켓몬,0.8,15,It always walks about with a plant stalk clamped in its beak. The stalk is used for building its nest.,자신의 둥지를 만들기 위해서 식물의 줄기 하나를 항상 들고 걷는다.
84,Doduo,두두,35,85,45,35,35,75,31,85,NORMAL,FLYING,50,FLYING,NONE,20,Run Away,Early Bird,Tangled Feet,MEDIUM_FAST,190,62,ATTACK,1,NONE,0,NONE,0,50,Twin Bird Pokemon,쌍둥이새포켓몬,1.4,39.2,A two-headed POKEMON that was discovered as a sudden mutation. It runs at a pace of over 60 miles per hour.,돌연변이로 발견된 두 개의 머리를 지닌 포켓몬이다. 시속 100km로 달린다.
85,Dodrio,두트리오,60,110,70,60,60,110,0,0,NORMAL,FLYING,50,FLYING,NONE,20,Run Away,Early Bird,Tangled Feet,MEDIUM_FAST,45,165,ATTACK,2,NONE,0,NONE,0,50,Triple Bird Pokemon,세쌍둥이새포켓몬,1.8,85.2,"An odd species that is rarely found. The three heads respectively represent joy, sadness, and anger.","좀처럼 발견하기 힘든 진귀한 종이다. 3개의 머리는 기쁨, 슬픔, 분노의 감정을 나타낸다."
86,Seel,쥬쥬,65,45,55,45,70,45,34,87,WATER,NONE,50,WATER 1,FIELD,20,Thick Fat,Hydration,Ice Body,MEDIUM_FAST,190,65,SPECIAL_DEFENSE,1,NONE,0,NONE,0,50,Sea Lion Pokemon,강치포켓몬,1.1,90,"Covered with light blue fur, its hide is thick and tough. It is active in bitter cold of minus 40 degrees Fahrenheit.",하늘색의 털로 뒤덮인 피부는 두껍고 튼튼하다. 영하 40도라도 활동할 수 있다.
87,Dewgong,쥬레곤,90,70,80,70,95,70,0,0,WATER,ICE,50,WATER 1,FIELD,20,Thick Fat,Hydration,Ice Body,MEDIUM_FAST,75,166,SPECIAL_DEFENSE,2,NONE,0,NONE,0,50,Sea Lion Pokemon,강치포켓몬,1.7,120,"Its body is covered with a pure white fur. The colder the weather, the more active it becomes.",전신이 새햐얀 털로 뒤덮여 있다. 추위에 강해서 오히려 추울수록 힘이 넘쳐 난다.
88,Grimer,질퍽이,80,80,50,40,50,25,38,89,POISON,NONE,50,AMORPHOUS,NONE,20,Stench,Sticky Hold,Poison Touch,MEDIUM_FAST,190,65,HP,1,NONE,0,NONE,0,50,Sludge Pokemon,오물포켓몬,0.9,30,Sludge exposed to X rays from the moon transformed into GRIMER. It loves feeding on filthy things.,달로부터 X선을 쬔 진흙이 질퍽이로 변화했다. 더러운 것을 즐겨 먹는다.
89,Muk,질뻐기,105,105,75,65,100,50,0,0,POISON,NONE,50,AMORPHOUS,NONE,20,Stench,Sticky Hold,Poison Touch,MEDIUM_FAST,75,175,HP,1,ATTACK,1,NONE,0,50,Sludge Pokemon,오물포켓몬,1.2,30,It is usually undetectable because it blends in with the ground. Touching it can cause terrible poisoning.,평소에는 지면에 섞여있어서 알 수 없다. 몸에 닿으면 맹독에 걸린다.
90,Shellder,셀러,30,65,100,45,25,40,0,91,WATER,NONE,50,WATER 3,NONE,20,Shell Armor,Skill Link,Overcoat,SLOW,190,61,DEFENSE,1,NONE,0,NONE,0,50,Bivalve Pokemon,두조개포켓몬,0.3,4,"It is encased in a shell that is harder than diamond. Inside, however, it is surprisingly tender.",다이아몬드보다 딱딱한 껍질로 덮였다. 하지만 껍질 안은 의외로 말랑하다.
91,Cloyster,파르셀,50,95,180,85,45,70,0,0,WATER,ICE,50,WATER 3,NONE,20,Shell Armor,Skill Link,Overcoat,SLOW,60,184,DEFENSE,2,NONE,0,NONE,0,50,Bivalve Pokemon,두조개포켓몬,1.5,132.5,"Its shell is extremely hard. It cannot be shattered, even with a bomb. The shell opens only when it is attacking.",껍데기가 상당히 단단하여 네이팜탄으로도 부술 수 없다. 공격할 때만 연다.
92,Gastly,고오스,30,35,30,100,35,80,25,93,GHOST,POISON,50,AMORPHOUS,NONE,20,Levitate,NONE,NONE,MEDIUM_SLOW,190,62,SPECIAL_ATTACK,1,NONE,0,NONE,0,50,Gas Pokemon,가스포켓몬,1.3,0.1,A being that exists as a thin gas. It can topple an Indian elephant by enveloping the prey in two seconds.,옅은 가스 상태의 생명체. 가스에 둘러싸이면 인도 코끼리도 2초만에 쓰러진다.
93,Haunter,고우스트,45,50,45,115,55,95,0,94,GHOST,POISON,50,AMORPHOUS,NONE,20,Levitate,NONE,NONE,MEDIUM_SLOW,90,142,SPECIAL_ATTACK,2,NONE,0,NONE,0,50,Gas Pokemon,가스포켓몬,1.6,0.1,"If you get the feeling of being watched in darkness when nobody is around, HAUNTER is there.","어둠 속에서 아무도 없는데도 누군가가 보고 있다는 느낌이 들면, 그곳에 고우스트가 있는 것이다."
94,Gengar,팬텀,60,65,60,130,75,110,0,0,GHOST,POISON,50,AMORPHOUS,NONE,20,Cursed Body,NONE,NONE,MEDIUM_SLOW,45,250,SPECIAL_ATTACK,3,NONE,0,NONE,0,50,Shadow Pokemon,그림자포켓몬,1.5,40.5,It is said to emerge from darkness to steal the lives of those who become lost in mountains.,산에서 조난하면 목숨을 빼앗기 위해 어둠 속에서 나타난다고 한다.
95,Onix,롱스톤,35,45,160,30,45,70,0,0,ROCK,GROUND,50,MINERAL,NONE,25,Rock Head,Sturdy,Weak Armor,MEDIUM_FAST,45,77,DEFENSE,1,NONE,0,NONE,0,50,Rock Snake Pokemon,돌뱀포켓몬,8.8,210,It usually lives underground. It searches for food while boring its way through the ground at 50 miles per hour.,평상시에는 땅속에 살고 있다. 땅속을 시속 80km로 파면서 먹이를 찾는다.
96,Drowzee,슬리프,60,48,45,43,90,42,26,97,PSYCHIC,NONE,50,HUMAN-LIKE,NONE,20,Insomnia,Forewarn,Inner Focus,MEDIUM_FAST,190,66,SPECIAL_DEFENSE,1,NONE,0,NONE,0,50,Hypnosis Pokemon,최면포켓몬,1,32.4,"A descendent of the legendary animal baku, which is said to eat dreams. It is skilled at hypnotism.",꿈을 먹는다는 전설의 동물 맥의 후손. 최면술이 특기다.
97,Hypno,슬리퍼,75,73,70,73,115,67,0,0,PSYCHIC,NONE,50,HUMAN-LIKE,NONE,20,Insomnia,Forewarn,Inner Focus,MEDIUM_FAST,75,169,SPECIAL_DEFENSE,2,NONE,0,NONE,0,50,Hypnosis Pokemon,최면포켓몬,1.6,75.6,It carries a pendulum-like device. There once was an incident in which it took away a child it hypnotized.,추 같은 것을 가지고 다닌다. 아이에게 최면술을 걸어서 어딘가로 데려간 사건이 있었다.
98,Krabby,크랩,30,105,90,25,25,50,28,99,WATER,NONE,50,WATER 3,NONE,20,Hyper Cutter,Shell Armor,Sheer Force,MEDIUM_FAST,225,65,ATTACK,1,NONE,0,NONE,0,50,River Crab Pokemon,게포켓몬,0.4,6.5,It can be found near the sea. The large pincers grow back if they are torn out of their sockets.,바다 근처에서 발견된다. 커다란 집게는 뜯겨도 나중에 다시 자라난다.
99,Kingler,킹크랩,55,130,115,50,50,75,0,0,WATER,NONE,50,WATER 3,NONE,20,Hyper Cutter,Shell Armor,Sheer Force,MEDIUM_FAST,60,166,ATTACK,2,NONE,0,NONE,0,50,Pincer Pokemon,집게포켓몬,1.3,60,"Its large and hard pincer has 10,000-horsepower strength. However, being so big, it is unwieldy to move.",단단한 집게는 1만 마력의 위력을 지녔지만 너무 커서 움직이기가 힘들다.
100,Voltorb,찌리리공,40,30,50,55,55,100,30,101,ELECTRIC,NONE,-1,MINERAL,NONE,20,Soundproof,Static,Aftermath,MEDIUM_FAST,190,66,SPEED,1,NONE,0,NONE,0,50,Ball Pokemon,볼포켓몬,0.5,10.4,A life-form whose identity is unknown. It is said to SCREECH or suddenly SELFDESTRUCT.,정체불명의 생물. 싫은소리를 내거나 갑자기 자폭하는 경우도 있다고 한다.
101,Electrode,붐볼,60,50,70,80,80,150,0,0,ELECTRIC,NONE,-1,MINERAL,NONE,20,Soundproof,Static,Aftermath,MEDIUM_FAST,60,172,SPEED,2,NONE,0,NONE,0,50,Ball Pokemon,볼포켓몬,1.2,66.6,"It explodes in response to even minor stimuli. It is feared, with the nickname of “The Bomb Ball.”",약간에 자극에도 반응하여 폭발한다. 폭탄공이라는 별명이 있을 정도로 두려움의 대상이다.
102,Exeggcute,아라리,60,40,80,60,45,40,0,103,GRASS,PSYCHIC,50,GRASS,NONE,20,Chlorophyll,NONE,Harvest,SLOW,90,65,DEFENSE,1,NONE,0,NONE,0,50,Egg Pokemon,알포켓몬,0.4,2.5,"Even though it appears to be eggs of some sort, it was discovered to be a life-form more like plant seeds.",무언가의 알 같지만 실은 식물의 씨앗에 가까운 생물이라는 사실이 드러났다.
103,Exeggutor,나시,95,95,85,125,75,55,0,0,GRASS,PSYCHIC,50,GRASS,NONE,20,Chlorophyll,NONE,Harvest,SLOW,45,186,SPECIAL_ATTACK,2,NONE,0,NONE,0,50,Coconut Pokemon,야자열매포켓몬,2,120,It is called “The Walking Tropical Rainforest.” Each of the nuts has a face and a will of its own.,걸어다니는 열대 우림이라고 불린다. 열매 하나하나에 얼굴이 있고 각각 의지를 갖고 있다.
104,Cubone,탕구리,50,50,95,40,50,35,28,105,GROUND,NONE,50,MONSTER,NONE,20,Rock Head,Lightning Rod,Battle Armor,MEDIUM_FAST,190,64,DEFENSE,1,NONE,0,NONE,0,50,Lonely Pokemon,고독포켓몬,0.4,6.5,"It wears the skull of its dead mother on its head. When it becomes lonesome, it is said to cry loudly.",죽은 어미의 해골을 머리에 쓰고 있다. 외로울 때는 큰 소리로 운다고 한다.
105,Marowak,텅구리,60,80,110,50,80,45,0,0,GROUND,NONE,50,MONSTER,NONE,20,Rock Head,Lightning Rod,Battle Armor,MEDIUM_FAST,75,149,DEFENSE,2,NONE,0,NONE,0,50,Bone Keeper Pokemon,뼈다귀포켓몬,1,45,It is small and was originally very weak. Its temperament turned ferocious when it began using bones.,몸집도 작으며 원래는 약했다. 뼈를 쓰기 시작하면서 성격이 흉포해졌다.
106,Hitmonlee,시라소몬,50,120,53,35,110,87,0,0,FIGHTING,NONE,100,HUMAN-LIKE,NONE,25,Limber,Reckless,Unburden,MEDIUM_FAST,45,159,ATTACK,2,NONE,0,NONE,0,50,Kicking Pokemon,킥포켓몬,1.5,49.8,The legs freely contract and stretch. The stretchy legs allow it to hit a distant foe with a rising kick.,다리를 자유자재로 늘였다 줄였다 한다. 멀리 떨어져 있을 때도 상대를 차올릴 수 있다.
107,Hitmonchan,홍수몬,50,105,79,35,110,76,0,0,FIGHTING,NONE,100,HUMAN-LIKE,NONE,25,Keen Eye,Iron Fist,Inner Focus,MEDIUM_FAST,45,159,SPECIAL_DEFENSE,2,NONE,0,NONE,0,50,Punching Pokemon,펀치포켓몬,1.4,50.2,The spirit of a pro boxer has infused this POK?MON. It throws punches that are faster than a bullet train.,프로 복서의 혼에 씌었다. 펀치의 스피드는 고속열차보다도 빠르다.
108,Lickitung,내루미,90,55,75,60,75,30,0,0,NORMAL,NONE,50,MONSTER,NONE,20,Own Tempo,Oblivious,Cloud Nine,MEDIUM_FAST,45,77,HP,2,NONE,0,NONE,0,50,Licking Pokemon,핥기포켓몬,1.2,65.5,Its tongue is twice the length of its body. It can be moved like an arm for grabbing food and attacking.,혀가 키의 2배나 된다. 먹이를 잡거나 공격을 할 때면 마치 손처럼 움직인다.
109,Koffing,또가스,40,65,95,60,45,35,35,110,POISON,NONE,50,AMORPHOUS,NONE,20,Levitate,Neutralizing Gas,Stench,MEDIUM_FAST,190,68,DEFENSE,1,NONE,0,NONE,0,50,Poison Gas Pokemon,독가스포켓몬,0.6,1,"Its thin, balloon-like body is inflated by horribly toxic gases. It reeks when it is nearby.",얇고 풍선 같은 몸에 맹독 가스가 차있다. 가까이 오면 역겨운 냄새가 난다.
110,Weezing,또도가스,65,90,120,85,70,60,0,0,POISON,NONE,50,AMORPHOUS,NONE,20,Levitate,Neutralizing Gas,Stench,MEDIUM_FAST,60,172,DEFENSE,2,NONE,0,NONE,0,50,Poison Gas Pokemon,독가스포켓몬,1.2,9.5,"Very rarely, a sudden mutation can result in two small KOFFING twins becoming conjoined as a WEEZING.",극히 드물게 돌연변이로 쌍둥이의 작은 또가스가 연결된 채 나올 때가 있다.
111,Rhyhorn,뿔카노,80,85,95,30,30,25,42,112,GROUND,ROCK,50,MONSTER,FIELD,20,Lightning Rod,Rock Head,Reckless,SLOW,120,69,DEFENSE,1,NONE,0,NONE,0,50,Spikes Pokemon,뿔포켓몬,1,115,"Strong, but not too bright, this POKEMON can shatter even a skyscraper with its charging TACKLES.",머리는 나쁘지만 힘이 세서 고층 빌딩도 몸통박치기로 산산조각 낸다.
112,Rhydon,코뿌리,105,130,120,45,45,40,0,0,GROUND,ROCK,50,MONSTER,FIELD,20,Lightning Rod,Rock Head,Reckless,SLOW,60,170,ATTACK,2,NONE,0,NONE,0,50,Drill Pokemon,드릴포켓몬,1.9,120,It begins walking on its hind legs after evolution. It can punch holes through boulders with its horn.,진화하여 뒷다리만으로 서게 되었다. 뿔에 찔리면 암석에도 구멍이 뚫리고 만다.
113,Chansey,럭키,250,5,5,35,105,50,0,0,NORMAL,NONE,0,FAIRY,NONE,40,Natural Cure,Serene Grace,Healer,FAST,30,395,HP,2,NONE,0,NONE,0,140,Egg Pokemon,알포켓몬,1.1,34.6,It lays several eggs a day. The eggs are apparently rich in nutrients and extremely delicious.,하루에 몇 개씩 알을 낳는다. 그 알은 영양 만점으로 아주 맛있다는 듯 하다.
114,Tangela,덩쿠리,65,55,115,100,40,60,0,0,GRASS,NONE,50,GRASS,NONE,20,Chlorophyll,Leaf Guard,Regenerator,MEDIUM_FAST,45,87,DEFENSE,1,NONE,0,NONE,0,50,Vine Pokemon,덩굴포켓몬,1,35,Blue plant vines cloak the POKEMON’s identity in a tangled mass. It entangles anything that gets close.,파란 덩굴이 뒤엉켜서 정체불명이다. 다가오는 것을 덩굴로 휘감는다.
115,Kangaskhan,캥카,105,95,80,40,80,90,0,0,NORMAL,NONE,0,MONSTER,NONE,20,Early Bird,Scrappy,Inner Focus,MEDIUM_FAST,45,172,HP,2,NONE,0,NONE,0,50,Parent Pokemon,가족포켓몬,2.2,80,The female raises its offspring in a pouch on its belly. It is skilled at attacking using COMET PUNCH.,암컷은 배의 주머니에 새끼를 넣어 기른다. 연속펀치 공격이 특기.
116,Horsea,쏘드라,30,40,70,70,25,60,32,117,WATER,NONE,50,WATER 1,DRAGON,20,Swift Swim,Sniper,Damp,MEDIUM_FAST,225,59,SPECIAL_ATTACK,1,NONE,0,NONE,0,50,Dragon Pokemon,드래곤포켓몬,0.4,8,"It maintains balance using its tail, which is wound up like a coil. It may spray ink from its mouth.",용수철처럼 칭칭 감아서 꼬리로 몸의 밸런스를 잡는다. 입에서 먹물을 뿜는 경우가 있다.
117,Seadra,시드라,55,65,95,95,45,85,0,0,WATER,NONE,50,WATER 1,DRAGON,20,Poison Point,Sniper,Damp,MEDIUM_FAST,75,154,DEFENSE,1,SPECIAL_ATTACK,1,NONE,0,50,Dragon Pokemon,드래곤포켓몬,1.2,25,Its body bristles with sharp spikes. Carelessly trying to touch it could cause fainting from the spikes.,섣불리 만지려고 하면 몸 전체에서 돋아나는 가시에 찔려 기절할 수도 있다.
118,Goldeen,콘치,45,67,60,35,50,63,33,119,WATER,NONE,50,WATER 2,NONE,20,Swift Swim,Water Veil,Lightning Rod,MEDIUM_FAST,225,64,ATTACK,1,NONE,0,NONE,0,50,Goldfish Pokemon,금붕어포켓몬,0.6,15,Its dorsal and pectoral fins are strongly developed like muscles. It can swim at a speed of five knots.,등지느러미와 가슴지느러미가 근육처럼 발달했으며 물속을 5노트의 스피드로 헤엄친다.
119,Seaking,왕콘치,80,92,65,65,80,68,0,0,WATER,NONE,50,WATER 2,NONE,20,Swift Swim,Water Veil,Lightning Rod,MEDIUM_FAST,60,158,ATTACK,2,NONE,0,NONE,0,50,Goldfish Pokemon,금붕어포켓몬,1.3,39,The horn on its head is sharp like a drill. It bores a hole in a boulder to make its nest.,드릴처럼 뾰족한 뿔로 바위에 구멍을 뚫고 자신의 집을 만든다.
120,Staryu,별가사리,30,45,55,70,55,85,0,121,WATER,NONE,-1,WATER 3,NONE,20,Illuminate,Nature Cure,Analytic,SLOW,225,68,SPEED,1,NONE,0,NONE,0,50,Star Shape Pokemon,별포켓몬,0.8,34.5,"It appears in large numbers by seashores. At night, its central core flashes with a red light.",바닷가에 많이 나타나고 밤이 되면 한가운데가 빨갛게 깜빡거린다.
121,Starmie,아쿠스타,60,75,85,100,85,115,0,0,WATER,PSYCHIC,-1,WATER 3,NONE,20,Illuminate,Nature Cure,Analytic,SLOW,60,182,SPEED,2,NONE,0,NONE,0,50,Mysterious Pokemon,수수께끼포켓몬,1.1,80,"This POKEMON has a geometric body. Because of its body, the locals suspect that it is an alien creature.",기하학적인 몸 때문에 그 지역에서는 우주생물이 아니냐며 의심하는 중이다.
122,Mr. Mime,마임맨,40,45,65,100,120,90,0,0,PSYCHIC,FAIRY,50,HUMAN-LIKE,NONE,25,Soundproof,Filter,Technician,MEDIUM_FAST,45,161,SPECIAL_DEFENSE,2,NONE,0,NONE,0,50,Barrier Pokemon,배리어포켓몬,1.3,54.5,It is adept at conning people. It is said to be able to create walls out of thin air by miming.,사람 속이기를 잘한다. 팬터마임으로 만든 벽이 정말로 나타난다고 한다.
123,Scyther,스라크,70,110,80,55,80,105,0,0,BUG,FLYING,50,BUG,NONE,25,Swarm,Technician,Steadfast,MEDIUM_FAST,45,100,ATTACK,1,NONE,0,NONE,0,50,Mantis Pokemon,버마재비포켓몬,1.5,56,It tears and shreds prey with its wickedly sharp scythes. It very rarely spreads its wings to fly.,날카로운 낫으로 먹잇감을 베고 숨통을 끊는다. 매우 드물게 날개를 사용해서 난다.
124,Jynx,루주라,65,50,35,115,95,95,0,0,ICE,PSYCHIC,0,HUMAN-LIKE,NONE,25,Oblivious,Forewarn,Dry Skin,MEDIUM_FAST,45,159,SPECIAL_ATTACK,2,NONE,0,NONE,0,50,Human Shape Pokemon,인간형태포켓몬,1.4,40.6,It speaks using a language that sounds human. Research is under way to determine what is being said.,인간처럼 말을 하지만 아직 무슨 말을 하는지 알 수 없어 현재 연구 중이다.
125,Electabuzz,에레브,65,83,57,95,85,105,0,0,ELECTRIC,NONE,75,HUMAN-LIKE,NONE,25,Static,NONE,Vital Spirit,MEDIUM_FAST,45,172,SPEED,2,NONE,0,NONE,0,50,Electric Pokemon,전기포켓몬,1.1,30,It loves to feed on strong electricity. It occasionally appears around large power plants and so on.,강한 전기를 좋아하여 커다란 발전소 같은 곳에 종종 나타난다.
126,Magmar,마그마,65,95,57,100,85,93,0,0,FIRE,NONE,75,HUMAN-LIKE,NONE,25,Flame Body,NONE,Vital Spirit,MEDIUM_FAST,45,173,SPECIAL_ATTACK,2,NONE,0,NONE,0,50,Spitfire Pokemon,불뿜기포켓몬,1.3,44.5,"Found near the mouth of a volcano. This fire-breather’s body temperature is nearly 2,200 degrees Fahrenheit.",화산의 분화구 근처에서 발견되었다. 입에서 불꽃을 뿜어낸다. 체온은 1200도나 된다.
127,Pinsir,쁘사이저,65,125,100,55,70,85,0,0,BUG,NONE,50,BUG,NONE,25,Hyper Cutter,Mold Breaker,Moxie,SLOW,45,175,ATTACK,2,NONE,0,NONE,0,50,Stag Beetle Pokemon,뿔집게포켓몬,1.5,55,"Its two long pincer horns are powerful. Once they grip an enemy, they won’t release until the foe is torn.",2개의 기다란 뿔은 파워풀. 일단 한번 끼어버리면 조각날 때까지 놓지 않는다.
128,Tauros,켄타로스,75,100,95,40,70,110,0,0,NORMAL,NONE,100,FIELD,NONE,20,Intimidate,Anger Point,Sheer Force,SLOW,45,172,ATTACK,1,SPEED,1,NONE,0,50,Wild Bull Pokemon,성난소포켓몬,1.4,88.4,"When it is about to TACKLE, it whips its body repeatedly with its three long tails.",몸통박치기로 공격해 올 때 3개의 꼬리로 자신의 몸을 가차 없이 때린다.
129,Magikarp,잉어킹,20,10,55,15,20,80,20,130,WATER,NONE,50,WATER 2,DRAGON,5,Swift Swim,NONE,Rattled,SLOW,255,40,SPEED,1,NONE,0,NONE,0,50,Fish Pokemon,물고기포켓몬,0.9,10,It is virtually worthless in terms of both power and speed. It is the most weak and pathetic POKEMON in the world.,힘도 스피드도 거의 없다. 세상에서 가장 약하고 한심한 포켓몬이다.
130,Gyarados,갸라도스,95,125,79,60,100,81,0,0,WATER,FLYING,50,WATER 2,DRAGON,5,Intimidate,NONE,Moxie,SLOW,45,189,ATTACK,2,NONE,0,NONE,0,50,Atrocious Pokemon,흉악포켓몬,6.5,235,It has an extremely aggressive nature. The HYPER BEAM it shoots from its mouth totally incinerates all targets.,대단히 흉포한 성격. 입에서 뿜어져 나오는 파괴광선은 모든 것을 불태운다.
131,Lapras,라프라스,130,85,80,85,95,60,0,0,WATER,ICE,50,MONSTER,WATER 1,40,Water Absorb,Shell Armor,Hydration,SLOW,45,187,HP,2,NONE,0,NONE,0,50,Transport Pokemon,탈것포켓몬,2.5,220,Its high intelligence enables it to understand human speech. It likes to ferry people on its back.,사람 말을 이해하는 높은 지능을 가지고 있다. 사람을 태우고 바다 건너는 것을 좋아한다.
132,Ditto,메타몽,48,48,48,48,48,48,0,0,NORMAL,NONE,-1,DITTO,NONE,20,Limber,NONE,Imposter,MEDIUM_FAST,35,101,HP,1,NONE,0,NONE,0,50,Transform Pokemon,변신포켓몬,0.3,4,It can freely recombine its own cellular structure to transform into other life-forms.,몸의 세포 구성을 스스로 바꿔서 다른 생명체로 변신한다.
133,Eevee,이브이,55,55,50,45,65,55,0,0,NORMAL,NONE,87.5,FIELD,NONE,35,Run Away,Adaptability,Anticipation,MEDIUM_FAST,45,65,SPECIAL_DEFENSE,1,NONE,0,NONE,0,50,Evolution Pokemon,진화포켓몬,0.3,6.5,An extremely rare POK?MON that may evolve in a number of different ways depending on stimuli.,3종류의 포켓몬으로 진화하는 가능성을 지닌 희귀한 포켓몬이다.
134,Vaporeon,샤미드,130,65,60,110,95,65,0,0,WATER,NONE,87.5,FIELD,NONE,35,Water Absorb,NONE,Hydration,MEDIUM_FAST,45,184,HP,2,NONE,0,NONE,0,50,Bubble Jet Pokemon,거품뿜기포켓몬,1,29,Its body’s cellular structure is similar to the molecular composition of water. It can melt invisibly in water.,몸의 세포 구조가 물 분자와 닮았다. 물에 녹아들면 보이지 않게 된다.
135,Jolteon,쥬피썬더,65,65,60,110,95,130,0,0,ELECTRIC,NONE,87.5,FIELD,NONE,35,Volt Absorb,NONE,Quick Feet,MEDIUM_FAST,45,184,SPEED,2,NONE,0,NONE,0,50,Lightning Pokemon,번개포켓몬,0.8,24.5,"If it is angered or startled, the fur all over its body bristles like sharp needles that pierce foes.",화나거나 놀라거나 하면 온몸의 털이 바늘처럼 곤두서서 상대를 꿰뚫는다.
136,Flareon,부스터,65,130,60,95,110,65,0,0,FIRE,NONE,87.5,FIELD,NONE,35,Flash Fire,NONE,Guts,MEDIUM_FAST,45,184,ATTACK,2,NONE,0,NONE,0,50,Flame Pokemon,불꽃포켓몬,0.9,25,"It has a flame bag inside its body. After inhaling deeply, it blows out flames of nearly 3,100 degrees Fahrenheit.",체내에 불꽃 주머니가 있어 깊이 숨을 들이킨 후 1700도의 불을 내뿜는다.
137,Porygon,폴리곤,65,60,70,85,75,40,0,0,NORMAL,NONE,-1,MINERAL,NONE,20,Trace,Download,Analytic,MEDIUM_FAST,45,79,SPECIAL_ATTACK,1,NONE,0,NONE,0,50,Virtual Pokemon,가상포켓몬,0.8,36.5,"Using the most advanced technologies, scientists finally succeeded in making the first artificial POKEMON.",최고의 과학력을 사용해 마침내 인공 포켓몬을 만드는 데 성공했다.
138,Omanyte,암나이트,35,40,100,90,55,35,40,139,ROCK,WATER,87.5,WATER 1,WATER 3,30,Swift Swim,Shell Armor,Weak Armor,MEDIUM_FAST,45,71,DEFENSE,1,NONE,0,NONE,0,50,Spiral Pokemon,소용돌이포켓몬,0.4,7.5,"A prehistoric POKEMON that lived in the primordial sea, it swims by twisting its 10 tentacles about.",먼 옛날 바다에서 살고 있던 고대 포켓몬. 10개의 다리를 구불거리며 헤엄친다.
139,Omastar,암스타,70,60,125,115,70,55,0,0,ROCK,WATER,87.5,WATER 1,WATER 3,30,Swift Swim,Shell Armor,Weak Armor,MEDIUM_FAST,45,173,DEFENSE,2,NONE,0,NONE,0,50,Spiral Pokemon,소용돌이포켓몬,1,35,"Its tentacles are highly developed as if they are hands and feet. As soon as it ensnares prey, it bites.",촉수가 팔다리처럼 발달해 있다. 달라붙자마자 문다.
140,Kabuto,투구,30,80,90,55,45,55,40,141,ROCK,WATER,87.5,WATER 1,WATER 3,30,Swift Swim,Battle Armor,Weak Armor,MEDIUM_FAST,45,71,DEFENSE,1,NONE,0,NONE,0,50,Shellfish Pokemon,껍질포켓몬,0.5,11.5,This POKEMON was regenerated from the fossil of an ancient creature. It protects itself with a hard shell.,고대 생물의 화석에서 재생된 포켓몬. 단단한 껍데기로 몸을 지키고 있다.
141,Kabutops,투구푸스,60,115,105,65,70,80,0,0,ROCK,WATER,87.5,WATER 1,WATER 3,30,Swift Swim,Battle Armor,Weak Armor,MEDIUM_FAST,45,173,ATTACK,2,NONE,0,NONE,0,50,Shellfish Pokemon,껍질포켓몬,1.3,40.5,It swims freely through water. It catches prey with its scythe-like arms and drains the victim’s fluids.,수중을 자유롭게 헤엄치며 날카로운 낫으로 먹잇감을 잡아 체액을 빨아먹는다.
142,Aerodactyl,프테라,80,105,65,60,75,130,0,0,ROCK,FLYING,87.5,FLYING,NONE,35,Rock Head,Pressure,Unnerve,SLOW,45,180,SPEED,2,NONE,0,NONE,0,50,Fossil Pokemon,화석포켓몬,1.8,59,It was regenerated from a dinosaur’s genetic matter that was found in amber. It flies with high-pitched cries.,호박에 남아 있던 공룡의 유전자에서 부활시켰다. 높은 소리로 울며 난다.
143,Snorlax,잠만보,160,110,65,65,110,30,0,0,NORMAL,NONE,87.5,MONSTER,NONE,40,Immunity,Thick Fat,Gluttony,SLOW,25,189,HP,2,NONE,0,NONE,0,50,Sleeping Pokemon,졸음포켓몬,2.1,460,"It is not satisfied unless it eats over 880 pounds of food every day. When it is done eating, it goes promptly to sleep.",하루에 먹을 것을 400kg먹지 않으면 성에 차지 않는다. 다 먹으면 잠이 들어 버린다.
144,Articuno,프리져,90,85,100,95,125,85,0,0,ICE,FLYING,-1,NONE,NONE,80,Pressure,NONE,Snow Cloak,SLOW,3,290,SPECIAL_DEFENSE,3,NONE,0,NONE,0,35,Freeze Pokemon,냉동포켓몬,1.7,55.4,"One of the legendary bird POKEMON. With its long tail trailing behind, its flying form is magnificent.",전설의 새 포켓몬 중의 하나. 긴 꼬리를 뻗으며 날아가는 모습은 정말 멋지다.
145,Zapdos,썬더,90,90,85,125,90,100,0,0,ELECTRIC,FLYING,-1,NONE,NONE,80,Pressure,NONE,Static,SLOW,3,290,SPECIAL_ATTACK,3,NONE,0,NONE,0,35,Electric Pokemon,전기포켓몬,1.6,52.6,"One of the legendary bird POKEMON. While it is flying, it makes crackling and snapping sounds.",전설의 새포켓몬 중 하나. 날 때 탁탁하고 뭔가 튀는 소리가 난다.
146,Moltres,파이어,90,100,90,125,85,90,0,0,FIRE,FLYING,-1,NONE,NONE,80,Pressure,NONE,Flame Body,SLOW,3,290,SPECIAL_ATTACK,3,NONE,0,NONE,0,35,Flame Pokemon,화염포켓몬,2,60,One of the legendary bird POKEMON. Those seeing it are overwhelmed by its orange wings that seem to be on fire.,전설의 새 포켓몬. 오렌지색의 불타는 듯한 깃털이 보는 이를 압도시킨다.
147,Dratini,미뇽,41,64,45,50,50,50,30,148,DRAGON,NONE,50,WATER 1,DRAGON,40,Shed Skin,NONE,Marvel Scale,SLOW,45,60,ATTACK,1,NONE,0,NONE,0,35,Dragon Pokemon,드래곤포켓몬,1.8,3.3,Even the young can exceed 6.5 feet in length. It grows larger by repeatedly shedding skin.,새끼라도 길이는 2m 이상. 탈피를 반복하며 자란다.
148,Dragonair,신뇽,61,84,65,70,70,70,55,149,DRAGON,NONE,50,WATER 1,DRAGON,40,Shed Skin,NONE,Marvel Scale,SLOW,45,147,ATTACK,2,NONE,0,NONE,0,35,Dragon Pokemon,드래곤포켓몬,4,16.5,"It is said to live in seas and lakes. Even though it has no wings, it has been seen flying occasionally.",바다나 호수 등에 산다고 한다. 날개는 없지만 가끔 하늘을 나는 모습이 목격된다.
149,Dragonite,망나뇽,91,134,95,100,100,80,0,0,DRAGON,FLYING,50,WATER 1,DRAGON,40,Inner Focus,NONE,Multiscale,SLOW,45,300,ATTACK,3,NONE,0,NONE,0,35,Dragon Pokemon,드래곤포켓몬,2.2,210,It can fly in spite of its big and bulky physique. It circles the globe in just 16 hours.,커다란 몸집으로 하늘을 난다. 지구를 약 16시간 만에 일주한다.
150,Mewtwo,뮤츠,106,110,90,154,90,130,0,0,PSYCHIC,NONE,-1,NONE,NONE,120,Pressure,NONE,Unnerve,SLOW,3,340,SPECIAL_ATTACK,3,NONE,0,NONE,0,0,Genetic Pokemon,유전자포켓몬,2,122,A POKEMON whose genetic code was repeatedly recombined for research. It turned vicious as a result.,"연구를 위해 유전자를 점점 조합한 결과, 난폭한 포켓몬이 되어 버렸다."
151,Mew,뮤,100,100,100,100,100,100,0,0,PSYCHIC,NONE,-1,NONE,NONE,120,Synchronize,NONE,NONE,MEDIUM_SLOW,45,300,HP,3,NONE,0,NONE,0,100,New Species Pokemon,신종포켓몬,0.4,4,A POKEMON of South America that was thought to have been extinct. It is very intelligent and learns any move.,남아메리카에 서식하고 있는 전멸되었었을 포켓몬. 지능이 높아 어떤 것이라도 습득한다.
